Cycle start time,Cycle end time,Cycle timezone,Workout start time,Workout end time,Duration (min),Activity name,Activity Strain,Energy burned (cal),Max HR (bpm),Average HR (bpm),HR Zone 1 %,HR Zone 2 %,HR Zone 3 %,HR Zone 4 %,HR Zone 5 %,GPS enabled,Distance (meters),Altitude gain (meters),Altitude change (meters)
2024-11-01 03:17:20,2024-11-02 02:08:03,UTC-05:00,2024-11-01 23:22:30,2024-11-01 23:41:59,19,Dance,5.3,117.0,138,117,18,80,2,0,0,false,,,
2024-11-01 03:17:20,2024-11-02 02:08:03,UTC-05:00,2024-11-01 22:21:00,2024-11-01 22:44:59,23,Dance,5.4,127.0,144,114,37,61,2,0,0,false,,,
2024-10-30 23:51:43,2024-11-01 03:17:20,UTC-05:00,2024-11-01 00:48:00,2024-11-01 01:05:59,17,Dance,5.1,102.0,143,115,35,62,3,0,0,false,,,
2024-10-30 23:51:43,2024-11-01 03:17:20,UTC-05:00,2024-10-31 23:37:30,2024-10-31 23:53:59,16,Dance,5.4,115.0,148,122,6,86,8,0,0,false,,,
2024-10-30 23:51:43,2024-11-01 03:17:20,UTC-05:00,2024-10-31 21:58:30,2024-10-31 23:07:29,68,Dance,10.0,480.0,167,122,24,52,22,2,0,false,,,
2024-10-23 23:10:52,2024-10-25 00:05:36,UTC-05:00,2024-10-24 20:54:00,2024-10-24 21:22:29,28,Dance,5.8,155.0,162,114,51,42,6,1,0,false,,,
2024-10-12 00:25:03,2024-10-13 04:34:33,UTC-05:00,2024-10-13 00:09:00,2024-10-13 01:07:29,58,Dance,9.6,428.0,164,122,29,43,24,4,0,false,,,
2024-10-08 00:47:05,2024-10-09 00:01:26,UTC-05:00,2024-10-08 19:15:00,2024-10-08 22:00:29,165,Gaming,12.0,785.0,161,108,52,15,14,0,0,false,,,
2024-10-03 00:14:25,2024-10-04 01:30:07,UTC-05:00,2024-10-03 22:04:30,2024-10-03 23:01:29,56,Dance,9.0,423.0,153,123,9,79,12,0,0,false,,,
2024-10-03 00:14:25,2024-10-04 01:30:07,UTC-05:00,2024-10-03 18:26:52,2024-10-03 18:53:32,26,Weightlifting,5.8,152.0,147,114,37,47,10,0,0,false,,,
2024-09-30 22:43:29,2024-10-02 00:13:53,UTC-05:00,2024-10-01 19:30:00,2024-10-01 20:30:00,60,Dance,4.7,107.0,150,90,34,2,1,0,0,false,,,
2024-09-29 23:38:33,2024-09-30 22:43:29,UTC-05:00,2024-09-30 18:01:30,2024-09-30 18:50:13,48,Weightlifting,6.7,239.0,154,111,30,45,8,0,0,false,,,
2024-09-29 01:21:41,2024-09-29 23:38:33,UTC-05:00,2024-09-29 11:06:00,2024-09-29 12:02:59,56,Jiu Jitsu,8.4,352.0,158,117,31,47,17,1,0,false,,,
2024-09-26 23:18:48,2024-09-28 00:53:20,UTC-05:00,2024-09-27 17:29:59,2024-09-27 18:18:50,48,Weightlifting,6.4,226.0,142,110,64,33,2,0,0,false,,,
2024-09-22 23:59:38,2024-09-23 23:50:51,UTC-05:00,2024-09-23 18:56:50,2024-09-23 19:55:19,58,Weightlifting,8.1,356.0,153,118,31,53,14,0,0,false,,,
2024-09-22 01:13:29,2024-09-22 23:59:38,UTC-05:00,2024-09-22 11:06:00,2024-09-22 12:02:29,56,Jiu Jitsu,7.1,256.0,156,109,37,26,13,0,0,false,,,
2024-09-19 00:11:54,2024-09-20 00:05:41,UTC-05:00,2024-09-19 17:52:18,2024-09-19 18:09:41,17,Weightlifting,5.1,99.0,146,115,32,62,6,0,0,false,,,
2024-09-16 00:19:25,2024-09-17 00:06:29,UTC-05:00,2024-09-16 18:18:44,2024-09-16 18:44:30,25,Weightlifting,5.3,120.0,136,109,60,36,0,0,0,false,,,
2024-09-14 00:05:39,2024-09-15 02:26:37,UTC-05:00,2024-09-14 10:04:30,2024-09-14 12:43:29,158,Jiu Jitsu,14.7,1250.0,169,126,18,51,27,4,0,false,,,
2024-09-12 00:13:49,2024-09-13 00:27:20,UTC-05:00,2024-09-12 17:24:21,2024-09-12 18:28:38,64,Weightlifting,10.0,469.0,169,122,26,43,28,3,0,false,,,
2024-09-09 23:55:57,2024-09-11 00:10:33,UTC-05:00,2024-09-10 17:39:00,2024-09-10 18:37:29,58,Yoga,13.0,387.0,159,119,38,34,26,0,0,false,,,
2024-09-09 00:42:59,2024-09-09 23:55:57,UTC-05:00,2024-09-09 17:33:52,2024-09-09 18:33:26,59,Weightlifting,9.3,420.0,156,121,27,47,25,0,0,false,,,
2024-09-07 00:04:41,2024-09-08 01:54:19,UTC-05:00,2024-09-07 10:04:30,2024-09-07 12:29:59,145,Jiu Jitsu,14.1,1079.0,180,123,25,49,21,4,0,false,,,
2024-09-05 00:23:01,2024-09-06 00:02:51,UTC-05:00,2024-09-05 17:42:56,2024-09-05 18:51:05,68,Weightlifting,8.6,400.0,162,115,43,47,10,0,0,false,,,
2024-09-02 23:41:13,2024-09-03 23:49:50,UTC-05:00,2024-09-03 17:50:00,2024-09-03 19:44:59,114,Jiu Jitsu,13.1,629.0,187,112,41,14,6,12,1,false,,,
2024-09-02 23:41:13,2024-09-03 23:49:50,UTC-05:00,2024-09-03 16:39:00,2024-09-03 17:49:29,70,Martial Arts,12.7,645.0,182,132,16,29,43,11,1,false,,,
2024-09-01 23:38:56,2024-09-02 23:41:13,UTC-05:00,2024-09-02 18:16:49,2024-09-02 19:16:01,59,Weightlifting,8.0,345.0,148,115,34,56,6,0,0,false,,,
2024-08-31 01:10:17,2024-09-01 00:09:21,UTC-05:00,2024-08-31 11:03:00,2024-08-31 12:59:59,116,Jiu Jitsu,14.9,1088.0,170,133,8,35,43,12,0,false,,,
2024-08-31 01:10:17,2024-09-01 00:09:21,UTC-05:00,2024-08-31 10:12:00,2024-08-31 11:02:00,50,Wrestling,8.1,347.0,146,120,19,71,10,0,0,false,,,
2024-08-29 00:51:23,2024-08-29 23:57:10,UTC-05:00,2024-08-29 18:11:16,2024-08-29 18:58:58,47,Weightlifting,6.9,251.0,156,112,36,50,7,0,0,false,,,
2024-08-27 00:06:17,2024-08-28 00:17:54,UTC-05:00,2024-08-27 17:30:00,2024-08-27 18:30:59,60,Yoga,12.4,285.0,156,108,38,21,16,0,0,false,,,
2024-08-26 00:33:28,2024-08-27 00:06:17,UTC-05:00,2024-08-26 18:01:49,2024-08-26 18:53:18,51,Weightlifting,7.9,322.0,150,118,31,54,15,0,0,false,,,
2024-08-24 23:26:45,2024-08-26 00:33:28,UTC-05:00,2024-08-25 11:03:30,2024-08-25 12:50:59,107,Jiu Jitsu,11.8,683.0,166,119,36,42,18,3,0,false,,,
2024-08-24 23:26:45,2024-08-26 00:33:28,UTC-05:00,2024-08-25 10:06:00,2024-08-25 11:02:59,56,Wrestling,12.6,551.0,181,137,10,25,40,19,3,false,,,
2024-08-22 00:34:38,2024-08-23 00:21:18,UTC-05:00,2024-08-22 17:30:30,2024-08-22 18:37:29,66,Yoga,14.3,555.0,172,128,11,33,28,17,0,false,,,
2024-08-20 00:50:26,2024-08-21 00:37:01,UTC-05:00,2024-08-20 17:50:08,2024-08-20 18:55:20,65,Weightlifting,8.5,355.0,173,115,30,38,17,3,0,false,,,
2024-08-11 01:41:00,2024-08-12 03:12:23,UTC-07:00,2024-08-11 14:27:00,2024-08-11 14:44:59,17,Walking,5.2,96.0,158,113,55,26,15,0,0,false,,,
2024-08-08 23:02:12,2024-08-09 22:26:26,UTC-07:00,2024-08-09 17:01:30,2024-08-09 18:16:29,74,Wrestling,13.6,755.0,185,137,3,43,34,18,2,false,,,
2024-08-08 23:02:12,2024-08-09 22:26:26,UTC-07:00,2024-08-09 12:30:00,2024-08-09 14:34:00,124,Kayaking,10.9,642.0,161,111,33,36,16,0,0,false,,,
2024-08-07 22:16:33,2024-08-08 23:02:12,UTC-07:00,2024-08-08 18:00:00,2024-08-08 19:37:29,97,Jiu Jitsu,14.8,943.0,180,135,10,43,24,23,0,false,,,
2024-08-07 22:16:33,2024-08-08 23:02:12,UTC-07:00,2024-08-08 09:47:00,2024-08-08 12:22:00,155,Hiking/Rucking,9.3,554.0,159,102,55,19,3,0,0,false,,,
2024-08-06 22:44:36,2024-08-08 00:16:33,UTC-05:00,2024-08-07 16:40:00,2024-08-07 18:30:00,110,Hiking/Rucking,6.4,270.0,141,91,39,10,0,0,0,false,,,
2024-08-06 00:36:04,2024-08-06 22:44:36,UTC-05:00,2024-08-06 17:35:30,2024-08-06 18:58:29,82,Jiu Jitsu,8.9,445.0,149,113,44,49,3,0,0,false,,,
2024-08-06 00:36:04,2024-08-06 22:44:36,UTC-05:00,2024-08-06 16:31:00,2024-08-06 17:34:00,63,Martial Arts,10.8,519.0,170,127,13,52,31,4,0,false,,,
2024-08-04 00:24:20,2024-08-05 01:11:44,UTC-05:00,2024-08-04 11:04:00,2024-08-04 12:23:00,79,Jiu Jitsu,9.5,493.0,149,118,32,54,11,0,0,false,,,
2024-08-04 00:24:20,2024-08-05 01:11:44,UTC-05:00,2024-08-04 10:04:00,2024-08-04 11:03:00,59,Wrestling,10.6,464.0,162,125,24,28,39,5,0,false,,,
2024-08-02 22:57:01,2024-08-04 00:24:20,UTC-05:00,2024-08-03 11:05:00,2024-08-03 12:04:29,59,Jiu Jitsu,11.3,485.0,175,127,21,46,17,14,0,false,,,
2024-08-02 22:57:01,2024-08-04 00:24:20,UTC-05:00,2024-08-03 10:06:00,2024-08-03 11:04:00,58,Wrestling,8.4,384.0,147,119,22,71,7,0,0,false,,,
2024-07-30 23:42:57,2024-08-01 00:20:46,UTC-05:00,2024-07-31 17:30:00,2024-07-31 18:30:00,60,Yoga,15.0,598.0,174,136,17,21,32,29,0,false,,,
2024-07-28 00:18:17,2024-07-28 23:49:07,UTC-05:00,2024-07-28 11:01:30,2024-07-28 12:25:29,83,Jiu Jitsu,9.1,394.0,160,109,44,18,16,1,0,false,,,
2024-07-28 00:18:17,2024-07-28 23:49:07,UTC-05:00,2024-07-28 10:04:30,2024-07-28 11:00:59,56,Wrestling,9.0,376.0,169,120,33,39,18,5,0,false,,,
2024-07-26 23:43:39,2024-07-28 00:18:17,UTC-05:00,2024-07-27 11:01:30,2024-07-27 12:32:29,90,Jiu Jitsu,9.6,475.0,166,113,48,36,7,2,0,false,,,
2024-07-26 23:43:39,2024-07-28 00:18:17,UTC-05:00,2024-07-27 10:00:00,2024-07-27 11:00:00,60,Wrestling,7.9,341.0,145,115,32,55,6,0,0,false,,,
2024-07-26 00:23:44,2024-07-26 23:43:39,UTC-05:00,2024-07-26 19:48:00,2024-07-26 20:11:59,23,Activity,10.4,296.0,185,149,6,3,33,51,5,false,,,
2024-07-24 23:40:26,2024-07-26 00:23:44,UTC-05:00,2024-07-25 18:08:38,2024-07-25 18:51:46,43,Weightlifting,6.9,251.0,145,116,45,48,6,0,0,false,,,
2024-07-23 00:08:11,2024-07-24 00:08:19,UTC-05:00,2024-07-23 17:32:00,2024-07-23 19:32:00,120,Jiu Jitsu,15.4,1138.0,183,134,13,32,43,11,1,false,,,
2024-07-23 00:08:11,2024-07-24 00:08:19,UTC-05:00,2024-07-23 16:34:30,2024-07-23 17:31:59,57,Martial Arts,10.7,504.0,170,130,4,54,37,5,0,false,,,
2024-07-22 00:29:47,2024-07-23 00:08:11,UTC-05:00,2024-07-22 18:33:38,2024-07-22 19:28:01,54,Weightlifting,7.6,308.0,152,115,39,54,5,0,0,false,,,
2024-07-19 23:53:53,2024-07-21 00:05:34,UTC-05:00,2024-07-20 11:05:00,2024-07-20 12:05:00,60,Jiu Jitsu,10.0,445.0,164,123,19,48,19,7,0,false,,,
2024-07-19 23:53:53,2024-07-21 00:05:34,UTC-05:00,2024-07-20 10:02:00,2024-07-20 11:04:00,62,Wrestling,8.8,406.0,152,118,27,57,11,0,0,false,,,
2024-07-19 00:31:56,2024-07-19 23:53:53,UTC-05:00,2024-07-19 17:52:52,2024-07-19 19:17:54,85,Weightlifting,9.8,521.0,154,115,31,50,12,0,0,false,,,
2024-07-16 23:12:51,2024-07-17 23:40:26,UTC-05:00,2024-07-17 17:39:00,2024-07-17 19:02:29,83,Jiu Jitsu,12.7,653.0,176,126,17,36,29,7,1,false,,,
2024-07-15 23:51:44,2024-07-16 23:12:51,UTC-05:00,2024-07-16 18:09:42,2024-07-16 19:36:07,86,Weightlifting,9.2,477.0,148,112,43,46,6,0,0,false,,,
2024-07-13 23:43:42,2024-07-15 00:35:35,UTC-05:00,2024-07-14 10:06:00,2024-07-14 11:07:29,61,Wrestling,12.7,616.0,171,136,9,29,46,16,0,false,,,
2024-07-12 23:49:48,2024-07-13 23:43:42,UTC-05:00,2024-07-13 10:00:00,2024-07-13 11:00:00,60,Jiu Jitsu,6.0,201.0,139,100,55,14,0,0,0,false,,,
2024-07-11 23:55:20,2024-07-12 23:49:48,UTC-05:00,2024-07-12 17:01:57,2024-07-12 18:33:10,91,Weightlifting,10.9,624.0,155,120,22,61,15,0,0,false,,,
2024-07-09 23:37:58,2024-07-11 00:23:25,UTC-05:00,2024-07-10 18:19:30,2024-07-10 19:10:29,50,Jiu Jitsu,12.5,444.0,182,130,19,27,14,17,10,false,,,
2024-07-08 23:53:20,2024-07-09 23:37:58,UTC-05:00,2024-07-09 18:26:55,2024-07-09 19:42:55,76,Weightlifting,9.7,482.0,159,117,42,44,13,0,0,false,,,
2024-07-06 23:39:32,2024-07-08 00:18:35,UTC-05:00,2024-07-07 11:02:00,2024-07-07 11:57:00,55,Jiu Jitsu,5.0,125.0,140,91,46,2,0,0,0,false,,,
2024-07-06 23:39:32,2024-07-08 00:18:35,UTC-05:00,2024-07-07 10:07:00,2024-07-07 11:01:00,54,Wrestling,6.9,225.0,160,105,46,20,8,1,0,false,,,
2024-07-05 23:33:19,2024-07-06 23:39:32,UTC-05:00,2024-07-06 10:19:30,2024-07-06 12:08:59,109,Jiu Jitsu,11.6,669.0,167,116,43,35,14,3,0,false,,,
2024-07-04 23:51:42,2024-07-05 23:33:19,UTC-05:00,2024-07-05 18:11:20,2024-07-05 18:55:21,44,Weightlifting,5.9,180.0,136,105,68,24,0,0,0,false,,,
2024-07-04 01:16:13,2024-07-04 23:51:42,UTC-05:00,2024-07-04 17:16:30,2024-07-04 18:57:59,101,Paddleboarding,14.3,984.0,165,135,6,33,54,7,0,false,,,
2024-06-30 23:49:09,2024-07-01 23:15:42,UTC-05:00,2024-07-01 18:40:13,2024-07-01 19:28:53,48,Weightlifting,7.2,277.0,148,115,42,52,6,0,0,false,,,
2024-06-30 01:44:46,2024-06-30 23:49:09,UTC-05:00,2024-06-30 11:00:30,2024-06-30 12:37:29,96,Jiu Jitsu,11.2,520.0,179,110,27,31,6,8,0,false,,,
2024-06-29 00:59:57,2024-06-30 01:44:46,UTC-05:00,2024-06-29 11:03:00,2024-06-29 12:05:00,62,Jiu Jitsu,10.5,500.0,166,127,14,56,27,3,0,false,,,
2024-06-29 00:59:57,2024-06-30 01:44:46,UTC-05:00,2024-06-29 10:00:00,2024-06-29 11:02:00,62,Wrestling,9.5,429.0,161,121,33,37,28,0,0,false,,,
2024-06-26 23:17:59,2024-06-28 00:12:20,UTC-05:00,2024-06-27 18:01:01,2024-06-27 19:05:03,64,Weightlifting,10.9,542.0,157,129,8,53,39,0,0,false,,,
2024-06-24 23:28:56,2024-06-26 00:01:12,UTC-05:00,2024-06-25 17:42:00,2024-06-25 18:58:29,76,Jiu Jitsu,11.0,586.0,163,125,14,62,22,2,0,false,,,
2024-06-24 23:28:56,2024-06-26 00:01:12,UTC-05:00,2024-06-25 16:31:30,2024-06-25 17:29:59,58,Martial Arts,10.1,453.0,170,125,25,45,23,7,0,false,,,
2024-06-24 00:01:33,2024-06-24 23:28:56,UTC-05:00,2024-06-24 18:14:02,2024-06-24 19:45:38,91,Weightlifting,10.7,594.0,158,119,32,49,18,0,0,false,,,
2024-06-23 00:00:20,2024-06-24 00:01:33,UTC-05:00,2024-06-23 11:06:00,2024-06-23 12:40:29,94,Jiu Jitsu,13.6,805.0,175,129,14,38,29,14,0,false,,,
2024-06-21 00:31:53,2024-06-22 00:56:26,UTC-05:00,2024-06-21 17:00:01,2024-06-21 19:19:55,139,Weightlifting,13.0,944.0,159,121,28,47,23,0,0,false,,,
2024-06-19 00:49:35,2024-06-20 00:09:21,UTC-05:00,2024-06-19 17:30:00,2024-06-19 18:55:00,85,Jiu Jitsu,12.5,685.0,176,127,14,42,34,6,0,false,,,
2024-06-17 00:35:19,2024-06-18 00:28:27,UTC-05:00,2024-06-17 17:47:31,2024-06-17 19:08:07,80,Weightlifting,9.4,493.0,154,118,32,56,11,0,0,false,,,
2024-06-14 23:39:45,2024-06-15 23:12:59,UTC-05:00,2024-06-15 12:52:30,2024-06-15 14:22:29,89,Activity,11.7,705.0,159,127,4,78,18,0,0,false,,,
2024-06-14 00:07:47,2024-06-14 23:39:45,UTC-05:00,2024-06-14 17:30:00,2024-06-14 18:57:00,87,Jiu Jitsu,12.8,638.0,184,125,28,47,11,9,4,false,,,
2024-06-13 00:12:09,2024-06-14 00:07:47,UTC-05:00,2024-06-13 18:08:57,2024-06-13 19:25:28,76,Weightlifting,9.6,467.0,161,119,36,45,19,0,0,false,,,
2024-06-10 23:15:19,2024-06-11 23:11:54,UTC-05:00,2024-06-11 17:30:00,2024-06-11 18:50:00,80,Jiu Jitsu,10.1,511.0,167,121,30,48,17,2,0,false,,,
2024-06-10 23:15:19,2024-06-11 23:11:54,UTC-05:00,2024-06-11 16:30:00,2024-06-11 17:29:00,59,Martial Arts,11.8,534.0,177,134,4,51,29,15,1,false,,,
2024-06-09 23:36:45,2024-06-10 23:15:19,UTC-05:00,2024-06-10 17:56:30,2024-06-10 19:02:35,66,Weightlifting,8.8,410.0,154,120,27,57,16,0,0,false,,,
2024-05-30 23:49:19,2024-05-31 23:18:13,UTC-05:00,2024-05-31 18:11:38,2024-05-31 19:55:11,103,Weightlifting,12.8,775.0,164,125,28,33,36,3,0,false,,,
2024-05-30 00:32:29,2024-05-30 23:49:19,UTC-05:00,2024-05-30 19:25:30,2024-05-30 20:15:01,49,Boxing,12.8,520.0,183,140,12,32,22,28,6,false,,,
2024-05-28 00:13:36,2024-05-29 00:12:34,UTC-05:00,2024-05-28 17:45:39,2024-05-28 19:04:34,78,Weightlifting,11.7,645.0,155,128,14,46,40,0,0,false,,,
2024-05-26 22:57:06,2024-05-28 00:13:36,UTC-05:00,2024-05-27 08:57:00,2024-05-27 11:55:59,178,Operations - Tactical,13.9,1185.0,159,120,29,52,18,0,0,false,,,
2024-05-25 04:17:06,2024-05-26 01:17:22,UTC-05:00,2024-05-25 14:17:00,2024-05-25 16:10:00,113,Manual Labor,8.5,458.0,135,108,66,26,0,0,0,false,,,
2024-05-25 04:17:06,2024-05-26 01:17:22,UTC-05:00,2024-05-25 12:47:00,2024-05-25 13:45:00,58,Manual Labor,8.0,363.0,137,119,15,85,0,0,0,false,,,
2024-05-23 23:52:58,2024-05-25 04:17:06,UTC-05:00,2024-05-24 23:42:00,2024-05-25 02:24:41,162,Dance,17.9,1850.0,175,144,0,10,77,13,0,false,,,
2024-05-23 00:23:01,2024-05-23 23:52:58,UTC-05:00,2024-05-23 18:13:40,2024-05-23 18:51:06,37,Weightlifting,8.1,299.0,155,128,3,67,30,0,0,false,,,
2024-05-21 00:29:14,2024-05-21 23:50:46,UTC-05:00,2024-05-21 17:34:30,2024-05-21 18:51:13,76,Jiu Jitsu,9.8,512.0,148,121,23,63,14,0,0,false,,,
2024-05-20 00:58:04,2024-05-21 00:29:14,UTC-05:00,2024-05-20 17:36:44,2024-05-20 18:13:24,36,Weightlifting,12.4,179.0,137,112,58,41,0,0,0,false,,,
2024-05-16 23:43:34,2024-05-18 00:55:39,UTC-05:00,2024-05-17 17:06:36,2024-05-17 17:40:18,33,Spin,6.5,220.0,138,119,18,81,1,0,0,false,,,
2024-05-16 00:38:19,2024-05-16 23:43:34,UTC-05:00,2024-05-16 18:04:30,2024-05-16 18:35:29,30,Kickboxing,12.4,411.0,187,153,0,11,42,35,12,false,,,
2024-05-13 22:55:09,2024-05-14 23:41:49,UTC-05:00,2024-05-14 18:57:18,2024-05-14 19:17:40,20,Spin,4.7,64.0,133,101,74,14,0,0,0,false,,,
2024-05-13 22:55:09,2024-05-14 23:41:49,UTC-05:00,2024-05-14 18:25:04,2024-05-14 18:52:18,27,Weightlifting,5.2,112.0,135,105,61,26,0,0,0,false,,,
2024-05-13 00:47:37,2024-05-13 22:55:09,UTC-05:00,2024-05-13 19:37:16,2024-05-13 20:07:21,30,Spin,6.9,212.0,153,121,25,50,23,0,0,false,,,
2024-05-10 23:31:53,2024-05-12 00:08:04,UTC-05:00,2024-05-11 11:07:30,2024-05-11 11:50:59,43,Jiu Jitsu,8.0,302.0,159,121,30,52,16,1,0,false,,,
2024-05-10 00:37:46,2024-05-10 23:31:53,UTC-05:00,2024-05-10 18:13:22,2024-05-10 20:03:39,110,Weightlifting,12.6,816.0,156,123,26,49,25,0,0,false,,,
2024-05-06 23:57:35,2024-05-08 00:12:22,UTC-05:00,2024-05-07 17:33:00,2024-05-07 18:37:29,64,Jiu Jitsu,8.4,382.0,153,115,49,43,8,0,0,false,,,
2024-05-05 23:37:22,2024-05-06 23:57:35,UTC-05:00,2024-05-06 18:28:38,2024-05-06 20:29:41,121,Weightlifting,10.6,643.0,161,112,51,39,8,0,0,false,,,
2024-05-03 23:47:35,2024-05-04 23:48:59,UTC-05:00,2024-05-04 18:27:00,2024-05-04 18:52:29,25,Activity,9.4,296.0,166,145,1,3,79,17,0,false,,,
2024-05-03 23:47:35,2024-05-04 23:48:59,UTC-05:00,2024-05-04 16:48:12,2024-05-04 17:47:07,58,Weightlifting,7.6,328.0,152,114,41,53,5,0,0,false,,,
2024-05-01 23:55:52,2024-05-02 23:53:18,UTC-05:00,2024-05-02 19:06:07,2024-05-02 19:35:06,28,Assault Bike,6.8,218.0,161,124,11,63,26,0,0,false,,,
2024-05-01 23:55:52,2024-05-02 23:53:18,UTC-05:00,2024-05-02 18:57:22,2024-05-02 19:03:38,6,Weightlifting,4.2,20.0,131,102,77,16,0,0,0,false,,,
2024-04-28 23:55:50,2024-04-29 22:47:02,UTC-05:00,2024-04-29 18:56:58,2024-04-29 19:17:34,20,Spin,5.2,109.0,129,114,46,54,0,0,0,false,,,
2024-04-28 23:55:50,2024-04-29 22:47:02,UTC-05:00,2024-04-29 18:03:03,2024-04-29 18:49:30,46,Weightlifting,6.4,222.0,162,112,56,38,6,0,0,false,,,
2024-04-27 01:04:34,2024-04-28 00:45:04,UTC-05:00,2024-04-27 13:13:41,2024-04-27 13:55:49,42,Spin,6.2,204.0,134,112,55,45,0,0,0,false,,,
2024-04-23 23:22:40,2024-04-24 22:49:42,UTC-05:00,2024-04-24 17:45:45,2024-04-24 18:24:22,38,Spin,6.4,214.0,158,116,29,67,4,0,0,false,,,
2024-04-22 23:39:54,2024-04-23 23:22:40,UTC-05:00,2024-04-23 17:49:30,2024-04-23 18:58:29,68,Jiu Jitsu,9.3,459.0,152,121,27,54,19,0,0,false,,,
2024-04-21 23:45:09,2024-04-22 23:39:54,UTC-05:00,2024-04-22 18:53:27,2024-04-22 20:53:14,119,Weightlifting,8.0,406.0,141,103,62,20,0,0,0,false,,,
2024-04-21 00:02:36,2024-04-21 23:45:09,UTC-05:00,2024-04-21 11:00:00,2024-04-21 12:27:00,87,Jiu Jitsu,11.5,572.0,171,121,26,36,21,8,0,false,,,
2024-04-21 00:02:36,2024-04-21 23:45:09,UTC-05:00,2024-04-21 10:18:00,2024-04-21 10:59:41,41,Wrestling,6.4,195.0,154,109,27,31,17,0,0,false,,,
2024-04-20 01:33:21,2024-04-21 00:02:36,UTC-05:00,2024-04-20 15:06:29,2024-04-20 15:49:00,42,Assault Bike,6.4,218.0,158,114,29,57,8,0,0,false,,,
2024-04-16 23:35:56,2024-04-17 22:21:08,UTC-05:00,2024-04-17 17:31:30,2024-04-17 18:47:59,76,Kickboxing,16.4,993.0,185,153,1,11,29,47,12,false,,,
2024-04-14 03:17:41,2024-04-15 00:13:50,UTC-05:00,2024-04-14 14:14:25,2024-04-14 14:54:48,40,Spin,6.4,218.0,142,115,35,60,3,0,0,false,,,
2024-04-12 23:51:46,2024-04-14 03:17:41,UTC-05:00,2024-04-13 14:20:45,2024-04-13 15:08:12,47,Weightlifting,8.0,320.0,159,122,23,59,18,0,0,false,,,
2024-04-12 00:05:09,2024-04-12 23:51:46,UTC-05:00,2024-04-12 18:39:00,2024-04-12 20:19:29,100,Martial Arts,17.6,1274.0,187,151,0,15,39,32,14,false,,,
2024-04-10 22:34:25,2024-04-12 00:05:09,UTC-05:00,2024-04-11 10:10:30,2024-04-11 10:48:06,37,Wrestling,7.1,219.0,165,117,40,35,12,7,0,false,,,
2024-04-09 22:15:44,2024-04-10 22:34:25,UTC-05:00,2024-04-10 13:50:12,2024-04-10 14:28:36,38,Assault Bike,6.4,218.0,146,117,25,73,2,0,0,false,,,
2024-04-08 23:13:59,2024-04-09 22:15:44,UTC-05:00,2024-04-09 18:13:30,2024-04-09 18:48:45,35,Jiu Jitsu,6.3,184.0,147,115,54,31,13,0,0,false,,,
2024-04-08 23:13:59,2024-04-09 22:15:44,UTC-05:00,2024-04-09 16:31:30,2024-04-09 17:34:42,63,Martial Arts,15.3,810.0,186,152,0,9,44,38,9,false,,,
2024-04-07 22:59:02,2024-04-08 23:13:59,UTC-05:00,2024-04-08 16:24:20,2024-04-08 17:00:58,36,Assault Bike,7.0,242.0,180,121,14,81,3,2,0,false,,,
2024-04-07 22:59:02,2024-04-08 23:13:59,UTC-05:00,2024-04-08 14:56:43,2024-04-08 16:17:04,80,Weightlifting,9.4,493.0,149,119,25,64,11,0,0,false,,,
2024-04-06 00:19:52,2024-04-06 23:50:37,UTC-05:00,2024-04-06 15:37:30,2024-04-06 15:57:46,20,Kickboxing,7.4,198.0,166,137,4,24,65,7,0,false,,,
2024-04-04 23:37:26,2024-04-06 00:19:52,UTC-05:00,2024-04-05 17:59:51,2024-04-05 19:26:39,86,Weightlifting,9.3,472.0,160,116,42,48,9,0,0,false,,,
2024-04-03 22:25:07,2024-04-04 23:37:26,UTC-05:00,2024-04-04 09:55:00,2024-04-04 10:58:00,63,Wrestling,8.6,356.0,165,117,49,40,7,4,0,false,,,
2024-04-02 23:08:54,2024-04-03 22:25:07,UTC-05:00,2024-04-03 19:22:31,2024-04-03 19:55:52,33,Assault Bike,6.4,206.0,150,119,27,62,11,0,0,false,,,
2024-04-01 23:10:48,2024-04-02 23:08:54,UTC-05:00,2024-04-02 18:45:15,2024-04-02 20:35:21,110,Weightlifting,11.1,652.0,157,117,35,48,14,0,0,false,,,
2024-03-31 01:02:32,2024-04-01 00:21:43,UTC-05:00,2024-03-31 11:16:30,2024-03-31 12:17:59,61,Jiu Jitsu,7.8,325.0,159,114,46,41,9,0,0,false,,,
2024-03-31 01:02:32,2024-04-01 00:21:43,UTC-05:00,2024-03-31 10:01:30,2024-03-31 11:01:29,59,Wrestling,8.0,332.0,162,115,48,42,10,0,0,false,,,
2024-03-30 00:07:21,2024-03-31 01:02:32,UTC-05:00,2024-03-30 15:54:12,2024-03-30 16:17:29,23,Assault Bike,6.3,177.0,154,125,10,70,20,0,0,false,,,
2024-03-28 23:40:41,2024-03-30 00:07:21,UTC-05:00,2024-03-29 19:18:43,2024-03-29 20:00:16,41,Weightlifting,5.1,119.0,143,98,56,11,2,0,0,false,,,
2024-03-27 23:08:06,2024-03-28 23:40:41,UTC-05:00,2024-03-28 19:06:19,2024-03-28 19:39:21,33,Assault Bike,6.5,221.0,150,120,7,90,3,0,0,false,,,
2024-03-27 23:08:06,2024-03-28 23:40:41,UTC-05:00,2024-03-28 17:36:00,2024-03-28 18:44:59,68,Kickboxing,15.1,821.0,185,147,4,21,29,38,8,false,,,
2024-03-25 22:48:36,2024-03-26 23:20:26,UTC-05:00,2024-03-26 17:40:30,2024-03-26 18:56:59,76,Jiu Jitsu,11.2,604.0,158,126,12,55,32,1,0,false,,,
2024-03-25 22:48:36,2024-03-26 23:20:26,UTC-05:00,2024-03-26 16:30:00,2024-03-26 17:35:00,65,Martial Arts,14.6,746.0,188,144,6,17,41,24,11,false,,,
2024-03-25 01:00:22,2024-03-25 22:48:36,UTC-05:00,2024-03-25 18:27:36,2024-03-25 19:29:00,61,Weightlifting,8.3,385.0,150,118,26,66,8,0,0,false,,,
2024-03-21 23:35:54,2024-03-23 00:45:56,UTC-05:00,2024-03-22 18:35:57,2024-03-22 20:36:25,120,Weightlifting,9.6,550.0,155,109,59,31,3,0,0,false,,,
2024-03-20 23:10:14,2024-03-21 23:35:54,UTC-05:00,2024-03-21 09:54:00,2024-03-21 11:02:59,68,Wrestling,12.4,639.0,163,133,8,35,48,8,0,false,,,
2024-03-18 22:59:56,2024-03-19 23:29:57,UTC-05:00,2024-03-19 18:25:30,2024-03-19 19:40:29,74,Kickboxing,17.0,962.0,190,151,4,26,11,38,21,false,,,
2024-03-17 23:28:14,2024-03-18 22:59:56,UTC-05:00,2024-03-18 18:21:31,2024-03-18 19:55:48,94,Weightlifting,10.2,544.0,159,115,39,46,11,0,0,false,,,
2024-03-11 23:19:55,2024-03-12 23:13:50,UTC-05:00,2024-03-12 17:41:00,2024-03-12 18:45:00,64,Jiu Jitsu,13.1,685.0,171,140,0,30,57,13,0,false,,,
2024-03-11 23:19:55,2024-03-12 23:13:50,UTC-05:00,2024-03-12 16:36:00,2024-03-12 17:40:40,64,Martial Arts,12.5,588.0,176,132,20,36,26,18,0,false,,,
2024-03-10 22:55:27,2024-03-11 22:19:55,UTC-06:00,2024-03-11 17:43:54,2024-03-11 20:06:51,142,Weightlifting,9.2,542.0,143,104,53,26,0,0,0,false,,,
2024-03-07 23:25:40,2024-03-09 02:57:52,UTC-06:00,2024-03-08 19:05:56,2024-03-08 20:00:30,54,Weightlifting,8.0,329.0,164,117,40,47,12,1,0,false,,,
2024-03-06 23:12:34,2024-03-07 23:25:40,UTC-06:00,2024-03-07 09:49:30,2024-03-07 10:55:29,65,Wrestling,11.0,504.0,176,125,24,51,18,7,0,false,,,
2024-03-04 23:16:38,2024-03-05 23:17:49,UTC-06:00,2024-03-05 19:38:41,2024-03-05 19:51:41,13,Weightlifting,4.4,42.0,121,102,86,3,0,0,0,false,,,
2024-03-03 22:53:17,2024-03-04 23:16:38,UTC-06:00,2024-03-04 18:43:57,2024-03-04 20:10:25,86,Weightlifting,7.8,364.0,141,107,51,34,1,0,0,false,,,
2024-03-02 23:18:38,2024-03-03 22:53:17,UTC-06:00,2024-03-03 11:00:00,2024-03-03 12:31:00,91,Jiu Jitsu,11.3,618.0,158,121,33,42,25,0,0,false,,,
2024-03-02 23:18:38,2024-03-03 22:53:17,UTC-06:00,2024-03-03 10:03:00,2024-03-03 10:59:29,56,Wrestling,9.9,451.0,161,127,12,54,33,1,0,false,,,
2024-02-29 23:41:03,2024-03-01 23:44:26,UTC-06:00,2024-03-01 18:31:30,2024-03-01 20:02:59,91,Martial Arts,17.2,1134.0,192,150,2,18,37,26,17,false,,,
2024-02-28 22:45:42,2024-02-29 23:41:03,UTC-06:00,2024-02-29 18:14:48,2024-02-29 19:44:59,90,Weightlifting,8.8,420.0,164,110,58,28,7,0,0,false,,,
2024-02-26 23:57:49,2024-02-27 23:14:37,UTC-06:00,2024-02-27 17:55:30,2024-02-27 18:55:29,59,Jiu Jitsu,12.3,514.0,180,131,12,26,32,18,3,false,,,
2024-02-25 22:41:21,2024-02-26 23:57:49,UTC-06:00,2024-02-26 18:16:01,2024-02-26 19:44:48,88,Weightlifting,10.1,559.0,150,119,28,61,11,0,0,false,,,
2024-02-24 23:44:50,2024-02-25 22:41:21,UTC-06:00,2024-02-25 11:00:00,2024-02-25 11:52:29,52,Jiu Jitsu,8.6,352.0,155,121,30,42,28,0,0,false,,,
2024-02-24 23:44:50,2024-02-25 22:41:21,UTC-06:00,2024-02-25 10:00:00,2024-02-25 10:59:00,59,Wrestling,10.4,458.0,169,126,19,39,34,6,0,false,,,
2024-02-22 23:10:50,2024-02-23 23:17:48,UTC-06:00,2024-02-23 17:34:30,2024-02-23 18:55:59,81,Jiu Jitsu,11.2,499.0,175,117,39,30,11,9,0,false,,,
2024-02-21 23:22:18,2024-02-22 23:10:50,UTC-06:00,2024-02-22 18:17:05,2024-02-22 19:21:32,64,Weightlifting,8.2,349.0,159,113,45,38,10,0,0,false,,,
2024-02-19 23:39:51,2024-02-20 23:05:17,UTC-06:00,2024-02-20 17:33:00,2024-02-20 18:46:29,73,Kickboxing,15.3,841.0,185,145,3,23,38,26,10,false,,,
2024-02-18 22:23:22,2024-02-19 23:39:51,UTC-06:00,2024-02-19 18:10:01,2024-02-19 19:18:30,68,Weightlifting,8.0,362.0,152,114,42,53,3,0,0,false,,,
2024-02-15 22:49:14,2024-02-16 22:27:08,UTC-06:00,2024-02-16 17:33:00,2024-02-16 19:16:29,103,Jiu Jitsu,12.3,705.0,177,122,30,38,27,3,0,false,,,
2024-02-14 22:32:23,2024-02-15 22:49:14,UTC-06:00,2024-02-15 18:43:12,2024-02-15 19:45:09,61,Weightlifting,10.2,455.0,162,125,28,36,33,3,0,false,,,
2024-02-12 23:16:34,2024-02-13 23:29:59,UTC-06:00,2024-02-13 17:30:30,2024-02-13 19:19:07,108,Jiu Jitsu,14.2,930.0,180,131,16,29,47,6,1,false,,,
2024-02-10 23:42:07,2024-02-11 23:53:42,UTC-06:00,2024-02-11 12:18:00,2024-02-11 12:47:14,29,Wrestling,7.9,260.0,160,133,0,56,42,2,0,false,,,
2024-02-10 23:42:07,2024-02-11 23:53:42,UTC-06:00,2024-02-11 11:00:00,2024-02-11 11:59:00,59,Jiu Jitsu,8.6,355.0,153,120,30,42,23,0,0,false,,,
2024-02-10 23:42:07,2024-02-11 23:53:42,UTC-06:00,2024-02-11 10:00:00,2024-02-11 10:59:00,59,Wrestling,12.3,517.0,175,132,17,31,22,25,0,false,,,
2024-02-09 22:58:21,2024-02-10 23:42:07,UTC-06:00,2024-02-10 14:25:30,2024-02-10 16:26:59,121,Jiu Jitsu,14.7,1071.0,172,133,8,43,36,13,0,false,,,
2024-02-08 23:36:26,2024-02-09 22:58:21,UTC-06:00,2024-02-09 19:04:02,2024-02-09 19:50:42,46,Weightlifting,7.2,264.0,147,117,25,53,14,0,0,false,,,
2024-02-06 23:46:15,2024-02-07 23:29:58,UTC-06:00,2024-02-07 18:17:32,2024-02-07 19:37:25,79,Weightlifting,7.6,330.0,142,109,56,34,4,0,0,false,,,
2024-02-05 22:58:35,2024-02-06 23:46:15,UTC-06:00,2024-02-06 18:05:54,2024-02-06 18:41:59,36,Weightlifting,6.6,215.0,150,120,24,65,10,0,0,false,,,
2024-02-05 22:58:35,2024-02-06 23:46:15,UTC-06:00,2024-02-06 16:30:00,2024-02-06 17:50:00,80,Martial Arts,15.9,938.0,190,148,1,24,30,34,11,false,,,
2024-02-04 00:33:44,2024-02-04 23:59:23,UTC-06:00,2024-02-04 11:04:30,2024-02-04 12:32:59,88,Jiu Jitsu,13.2,645.0,187,126,30,42,15,7,6,false,,,
2024-02-01 23:02:41,2024-02-02 23:04:24,UTC-06:00,2024-02-02 18:16:30,2024-02-02 18:59:59,43,Jiu Jitsu,11.4,385.0,183,134,24,28,24,16,8,false,,,
2024-01-31 21:52:14,2024-02-01 23:02:41,UTC-06:00,2024-02-01 18:45:05,2024-02-01 19:49:58,64,Weightlifting,9.3,438.0,159,124,17,55,28,0,0,false,,,
2024-01-28 22:09:21,2024-01-29 23:43:38,UTC-06:00,2024-01-29 19:18:03,2024-01-29 20:20:01,61,Weightlifting,6.3,226.0,141,109,51,36,1,0,0,false,,,
2024-01-27 23:07:19,2024-01-28 22:09:21,UTC-06:00,2024-01-28 11:00:00,2024-01-28 12:28:29,88,Jiu Jitsu,11.8,644.0,176,127,18,49,27,6,0,false,,,
2024-01-27 23:07:19,2024-01-28 22:09:21,UTC-06:00,2024-01-28 10:00:00,2024-01-28 10:59:00,59,Wrestling,12.3,546.0,181,137,3,51,21,22,3,false,,,
2024-01-25 23:18:45,2024-01-26 23:01:29,UTC-06:00,2024-01-26 18:11:52,2024-01-26 19:13:12,61,Weightlifting,7.2,267.0,153,113,56,32,10,0,0,false,,,
2024-01-18 23:59:45,2024-01-20 00:03:28,UTC-06:00,2024-01-19 18:30:00,2024-01-19 20:00:29,90,Martial Arts,18.5,1266.0,187,159,2,12,15,42,29,false,,,
2024-01-17 22:56:45,2024-01-18 23:59:45,UTC-06:00,2024-01-18 19:01:01,2024-01-18 19:55:17,54,Weightlifting,7.5,310.0,140,117,37,61,2,0,0,false,,,
2024-01-15 22:55:07,2024-01-16 22:55:56,UTC-06:00,2024-01-16 16:31:30,2024-01-16 17:52:29,80,Martial Arts,17.5,1079.0,191,155,0,12,34,29,25,false,,,
2024-01-14 22:59:53,2024-01-15 22:55:07,UTC-06:00,2024-01-15 12:00:00,2024-01-15 12:38:59,38,Activity,8.9,342.0,149,132,5,39,56,0,0,false,,,
2024-01-13 22:01:36,2024-01-14 22:59:53,UTC-06:00,2024-01-14 11:01:00,2024-01-14 12:04:29,63,Jiu Jitsu,7.9,313.0,152,113,49,34,12,0,0,false,,,
2024-01-13 22:01:36,2024-01-14 22:59:53,UTC-06:00,2024-01-14 10:00:00,2024-01-14 11:00:00,60,Wrestling,10.5,478.0,170,128,16,44,32,8,0,false,,,
2024-01-12 23:12:11,2024-01-13 22:01:36,UTC-06:00,2024-01-13 15:27:55,2024-01-13 17:04:47,96,Weightlifting,8.5,408.0,145,109,58,27,6,0,0,false,,,
2024-01-09 22:57:28,2024-01-10 23:02:47,UTC-06:00,2024-01-10 18:36:52,2024-01-10 19:48:53,72,Weightlifting,8.3,384.0,140,114,40,56,2,0,0,false,,,
2024-01-08 22:36:41,2024-01-09 22:57:28,UTC-06:00,2024-01-09 16:30:30,2024-01-09 19:05:59,155,Jiu Jitsu,14.2,1118.0,172,123,15,46,28,3,0,false,,,
2024-01-06 22:58:50,2024-01-07 22:46:32,UTC-06:00,2024-01-07 11:01:00,2024-01-07 12:23:59,82,Jiu Jitsu,12.7,644.0,179,127,26,35,28,10,1,false,,,
2024-01-06 22:58:50,2024-01-07 22:46:32,UTC-06:00,2024-01-07 10:00:00,2024-01-07 11:00:00,60,Wrestling,11.7,510.0,174,131,17,39,25,19,0,false,,,
2024-01-05 22:30:03,2024-01-06 22:58:50,UTC-06:00,2024-01-06 15:52:07,2024-01-06 16:40:28,48,Weightlifting,5.3,125.0,126,98,64,12,0,0,0,false,,,
2024-01-04 22:56:44,2024-01-05 22:30:03,UTC-06:00,2024-01-05 16:37:30,2024-01-05 18:57:50,140,Jiu Jitsu,16.3,1296.0,187,135,12,39,30,18,1,false,,,
2024-01-03 23:07:58,2024-01-04 22:56:44,UTC-06:00,2024-01-04 17:30:00,2024-01-04 18:39:21,69,Kickboxing,16.2,897.0,192,153,1,11,31,39,18,false,,,
2024-01-01 22:56:30,2024-01-02 22:40:32,UTC-06:00,2024-01-02 16:48:00,2024-01-02 19:08:59,140,Jiu Jitsu,15.3,1172.0,176,130,14,46,23,17,0,false,,,
2023-12-31 23:11:51,2024-01-01 22:56:30,UTC-06:00,2024-01-01 15:13:10,2024-01-01 16:27:53,74,Weightlifting,8.6,413.0,150,116,37,53,8,0,0,false,,,
2023-12-27 23:55:36,2023-12-28 22:57:28,UTC-06:00,2023-12-28 17:31:30,2023-12-28 19:04:29,92,Jiu Jitsu,13.0,620.0,184,122,33,30,14,9,6,false,,,
2023-12-26 23:39:12,2023-12-27 23:55:36,UTC-06:00,2023-12-27 18:17:04,2023-12-27 19:17:08,60,Weightlifting,5.7,170.0,139,102,63,15,0,0,0,false,,,
2023-12-19 22:03:44,2023-12-20 20:28:08,UTC-06:00,2023-12-20 17:07:38,2023-12-20 18:21:47,74,Weightlifting,7.0,278.0,143,109,59,33,1,0,0,false,,,
2023-12-18 22:01:28,2023-12-19 22:03:44,UTC-06:00,2023-12-19 16:39:00,2023-12-19 19:00:00,140,Jiu Jitsu,13.5,912.0,183,122,31,44,19,5,0,false,,,
2023-12-17 21:26:21,2023-12-18 22:01:28,UTC-06:00,2023-12-18 18:06:42,2023-12-18 19:17:19,70,Weightlifting,6.6,243.0,137,106,54,31,0,0,0,false,,,
2023-12-17 00:38:27,2023-12-17 21:26:21,UTC-06:00,2023-12-17 11:01:00,2023-12-17 11:50:00,49,Jiu Jitsu,6.8,236.0,152,114,44,39,12,0,0,false,,,
2023-12-17 00:38:27,2023-12-17 21:26:21,UTC-06:00,2023-12-17 10:03:00,2023-12-17 11:00:21,57,Wrestling,11.9,534.0,174,137,6,33,41,20,0,false,,,
2023-12-15 00:28:54,2023-12-15 23:48:23,UTC-06:00,2023-12-15 18:27:00,2023-12-15 20:10:29,103,Martial Arts,17.6,1141.0,196,145,15,20,26,17,22,false,,,
2023-12-13 23:21:34,2023-12-15 00:28:54,UTC-06:00,2023-12-14 19:17:05,2023-12-14 19:33:11,16,Weightlifting,4.9,79.0,130,114,28,72,0,0,0,false,,,
2023-12-13 23:21:34,2023-12-15 00:28:54,UTC-06:00,2023-12-14 17:30:00,2023-12-14 18:50:00,80,Jiu Jitsu,13.5,610.0,184,127,14,50,18,2,13,false,,,
2023-12-11 23:56:52,2023-12-12 23:15:24,UTC-06:00,2023-12-12 17:36:00,2023-12-12 18:58:31,82,Jiu Jitsu,13.5,677.0,189,130,13,36,38,4,9,false,,,
2023-12-07 22:18:57,2023-12-08 23:56:19,UTC-06:00,2023-12-08 09:43:30,2023-12-08 11:40:29,116,Jiu Jitsu,15.8,1097.0,182,136,5,38,28,25,4,false,,,
2023-12-05 23:11:09,2023-12-06 22:37:10,UTC-06:00,2023-12-06 18:51:00,2023-12-06 19:45:30,54,Boxing,13.1,591.0,168,143,0,17,37,46,0,false,,,
2023-12-04 23:03:04,2023-12-05 23:11:09,UTC-06:00,2023-12-05 19:01:28,2023-12-05 20:05:55,64,Weightlifting,6.9,260.0,147,110,45,49,2,0,0,false,,,
2023-12-02 00:13:19,2023-12-03 00:51:13,UTC-06:00,2023-12-02 16:26:38,2023-12-02 17:22:31,55,Weightlifting,5.8,166.0,129,104,65,28,0,0,0,false,,,
2023-11-28 23:12:53,2023-11-29 23:55:16,UTC-06:00,2023-11-29 18:26:09,2023-11-29 20:09:13,103,Weightlifting,8.9,450.0,151,112,45,48,5,0,0,false,,,
2023-11-26 23:37:20,2023-11-27 23:07:45,UTC-06:00,2023-11-27 18:39:31,2023-11-27 19:43:02,63,Weightlifting,6.0,191.0,133,103,59,28,0,0,0,false,,,
2023-11-25 22:51:49,2023-11-26 23:37:20,UTC-06:00,2023-11-26 09:49:30,2023-11-26 12:18:24,148,Jiu Jitsu,16.0,1246.0,177,131,10,41,27,20,2,false,,,
2023-11-23 23:20:21,2023-11-24 23:27:35,UTC-06:00,2023-11-24 09:52:30,2023-11-24 10:53:59,61,Wrestling,12.2,556.0,177,134,4,23,58,12,2,false,,,
2023-11-20 23:09:50,2023-11-21 23:57:01,UTC-06:00,2023-11-21 17:33:00,2023-11-21 18:51:26,78,Jiu Jitsu,15.5,853.0,184,143,4,21,38,23,14,false,,,
2023-11-19 23:00:40,2023-11-20 23:09:50,UTC-06:00,2023-11-20 18:33:06,2023-11-20 20:07:52,94,Weightlifting,8.3,376.0,156,107,46,37,4,1,0,false,,,
2023-11-18 01:05:24,2023-11-18 23:11:02,UTC-06:00,2023-11-18 15:45:44,2023-11-18 17:07:38,81,Weightlifting,7.2,265.0,150,103,65,13,8,0,0,false,,,
2023-11-16 00:18:58,2023-11-17 00:23:34,UTC-06:00,2023-11-16 17:30:00,2023-11-16 19:06:42,96,Jiu Jitsu,14.1,783.0,186,129,13,43,29,6,7,false,,,
2023-11-14 23:50:35,2023-11-16 00:18:58,UTC-06:00,2023-11-15 18:36:29,2023-11-15 19:53:28,76,Weightlifting,7.4,318.0,138,108,43,50,1,0,0,false,,,
2023-11-13 23:17:07,2023-11-14 23:50:35,UTC-06:00,2023-11-14 17:36:00,2023-11-14 19:24:52,108,Jiu Jitsu,14.0,930.0,176,131,4,41,46,8,1,false,,,
2023-11-11 23:26:47,2023-11-12 22:28:03,UTC-06:00,2023-11-12 11:00:30,2023-11-12 11:59:59,59,Jiu Jitsu,6.0,187.0,145,103,48,28,4,0,0,false,,,
2023-11-11 23:26:47,2023-11-12 22:28:03,UTC-06:00,2023-11-12 09:49:30,2023-11-12 10:53:59,64,Wrestling,8.7,344.0,167,115,42,33,16,4,0,false,,,
2023-11-10 23:34:42,2023-11-11 23:26:47,UTC-06:00,2023-11-11 18:39:00,2023-11-11 19:11:59,32,Activity,6.3,194.0,143,118,15,76,8,0,0,false,,,
2023-11-10 23:34:42,2023-11-11 23:26:47,UTC-06:00,2023-11-11 13:00:30,2023-11-11 15:02:59,122,Jiu Jitsu,11.5,622.0,165,112,34,28,20,2,0,false,,,
2023-11-09 22:28:24,2023-11-10 23:34:42,UTC-06:00,2023-11-10 09:51:00,2023-11-10 12:08:59,137,Jiu Jitsu,15.8,1148.0,185,130,14,41,29,11,5,false,,,
2023-11-09 00:31:48,2023-11-09 23:28:24,UTC-05:00,2023-11-09 19:21:53,2023-11-09 20:06:27,44,Weightlifting,5.6,150.0,134,104,59,30,0,0,0,false,,,
2023-11-06 23:54:46,2023-11-08 00:12:05,UTC-05:00,2023-11-07 18:24:00,2023-11-07 20:49:29,145,Jiu Jitsu,16.8,1276.0,185,131,10,39,26,16,6,false,,,
2023-11-04 23:33:41,2023-11-06 01:09:10,UTC-05:00,2023-11-05 12:03:00,2023-11-05 12:58:57,55,Jiu Jitsu,6.7,232.0,146,108,46,38,7,0,0,false,,,
2023-11-04 23:33:41,2023-11-06 01:09:10,UTC-05:00,2023-11-05 10:45:30,2023-11-05 11:45:27,59,Wrestling,7.0,232.0,157,105,42,18,15,1,0,false,,,
2023-11-03 23:13:28,2023-11-04 23:33:41,UTC-05:00,2023-11-04 12:46:30,2023-11-04 13:20:59,34,Operations - Tactical,9.5,323.0,179,134,8,20,60,10,2,false,,,
2023-11-02 23:26:21,2023-11-03 23:13:28,UTC-05:00,2023-11-03 18:19:30,2023-11-03 19:43:29,83,Martial Arts,18.5,1120.0,192,155,5,13,14,19,49,false,,,
2023-11-01 23:35:24,2023-11-02 23:26:21,UTC-05:00,2023-11-02 19:32:46,2023-11-02 19:42:30,9,Weightlifting,4.4,36.0,125,106,56,44,0,0,0,false,,,
2023-11-01 23:35:24,2023-11-02 23:26:21,UTC-05:00,2023-11-02 18:35:59,2023-11-02 19:18:37,42,Weightlifting,6.5,212.0,148,112,47,44,8,0,0,false,,,
2023-10-30 22:52:35,2023-10-31 22:44:48,UTC-05:00,2023-10-31 17:27:00,2023-10-31 19:19:50,112,Jiu Jitsu,13.9,873.0,176,127,11,45,29,10,1,false,,,
2023-10-28 22:12:03,2023-10-29 23:50:16,UTC-05:00,2023-10-29 10:00:00,2023-10-29 12:00:00,119,Jiu Jitsu,13.3,806.0,173,121,34,37,18,11,0,false,,,
2023-10-28 00:50:57,2023-10-28 22:12:03,UTC-05:00,2023-10-28 15:40:34,2023-10-28 16:54:27,73,Weightlifting,9.9,486.0,159,120,18,65,15,2,0,false,,,
2023-10-26 00:01:00,2023-10-26 23:43:37,UTC-05:00,2023-10-26 18:45:16,2023-10-26 19:33:10,47,Weightlifting,7.3,270.0,150,115,32,56,11,0,0,false,,,
2023-10-23 22:53:35,2023-10-24 23:28:58,UTC-05:00,2023-10-24 19:04:17,2023-10-24 19:33:58,29,Weightlifting,5.7,143.0,136,112,49,50,1,0,0,false,,,
2023-10-18 22:54:58,2023-10-19 23:36:40,UTC-05:00,2023-10-19 17:30:00,2023-10-19 18:59:59,89,Jiu Jitsu,12.2,594.0,181,119,27,38,24,2,3,false,,,
2023-10-17 23:03:48,2023-10-18 22:54:58,UTC-05:00,2023-10-18 18:26:34,2023-10-18 19:46:58,80,Weightlifting,10.2,540.0,153,120,14,69,17,0,0,false,,,
2023-10-12 22:39:34,2023-10-14 01:10:14,UTC-05:00,2023-10-13 18:48:00,2023-10-13 23:01:29,253,Activity,18.1,2227.0,162,129,6,39,52,3,0,false,,,
2023-10-12 22:39:34,2023-10-14 01:10:14,UTC-05:00,2023-10-13 16:52:30,2023-10-13 18:34:29,101,Activity,12.7,817.0,148,125,2,73,25,0,0,false,,,
2023-10-11 22:59:27,2023-10-12 22:39:34,UTC-05:00,2023-10-12 17:28:30,2023-10-12 19:02:14,93,Jiu Jitsu,13.9,760.0,184,126,20,42,24,7,6,false,,,
2023-10-09 23:09:48,2023-10-10 23:04:55,UTC-05:00,2023-10-10 17:36:00,2023-10-10 18:36:57,60,Activity,11.3,525.0,166,128,4,49,43,4,0,false,,,
2023-10-07 22:31:21,2023-10-08 23:48:18,UTC-05:00,2023-10-08 10:07:30,2023-10-08 13:01:29,173,Jiu Jitsu,15.9,1330.0,182,123,22,53,16,7,2,false,,,
2023-10-07 00:02:55,2023-10-07 22:31:21,UTC-05:00,2023-10-07 13:18:00,2023-10-07 15:29:59,131,Jiu Jitsu,15.8,1197.0,181,130,7,55,22,13,3,false,,,
2023-10-04 22:42:58,2023-10-05 22:53:37,UTC-05:00,2023-10-05 17:58:23,2023-10-05 19:10:09,71,Weightlifting,10.1,479.0,157,117,21,49,23,1,0,false,,,
2023-10-02 22:52:38,2023-10-03 22:53:38,UTC-05:00,2023-10-03 18:15:13,2023-10-03 19:27:42,72,Weightlifting,8.4,377.0,148,110,48,45,6,0,0,false,,,
2023-10-01 22:28:40,2023-10-02 22:52:38,UTC-05:00,2023-10-02 17:30:00,2023-10-02 18:56:25,86,Jiu Jitsu,10.0,446.0,168,110,48,29,9,4,0,false,,,
2023-10-01 01:46:00,2023-10-01 22:28:40,UTC-05:00,2023-10-01 10:34:30,2023-10-01 12:07:29,92,Jiu Jitsu,12.6,693.0,170,122,27,39,25,9,0,false,,,
2023-09-29 22:50:13,2023-10-01 01:46:00,UTC-05:00,2023-09-30 11:38:14,2023-09-30 13:03:26,85,Weightlifting,10.5,538.0,160,115,30,53,14,1,0,false,,,
2023-09-28 22:19:58,2023-09-29 22:50:13,UTC-05:00,2023-09-29 17:40:30,2023-09-29 18:51:53,71,Jiu Jitsu,12.5,605.0,185,128,15,41,35,6,3,false,,,
2023-09-27 22:33:57,2023-09-28 22:19:58,UTC-05:00,2023-09-28 18:00:55,2023-09-28 19:17:40,76,Weightlifting,6.3,237.0,127,96,49,19,0,0,0,false,,,
2023-09-26 21:41:18,2023-09-27 22:33:57,UTC-05:00,2023-09-27 10:03:00,2023-09-27 11:05:59,62,Wrestling,11.2,500.0,165,125,17,41,29,12,0,false,,,
2023-09-25 22:19:09,2023-09-26 21:41:18,UTC-05:00,2023-09-26 18:03:05,2023-09-26 19:25:21,82,Weightlifting,9.3,431.0,155,111,36,43,12,1,0,false,,,
2023-09-23 23:09:01,2023-09-25 01:57:20,UTC-05:00,2023-09-24 10:28:30,2023-09-24 11:51:19,82,Jiu Jitsu,9.7,457.0,161,112,43,38,10,2,0,false,,,
2023-09-22 23:54:39,2023-09-23 23:09:01,UTC-05:00,2023-09-23 15:52:30,2023-09-23 16:43:15,50,Boxing,12.3,492.0,170,134,14,22,42,22,0,false,,,
2023-09-22 23:54:39,2023-09-23 23:09:01,UTC-05:00,2023-09-23 14:57:32,2023-09-23 15:16:57,19,Weightlifting,4.8,69.0,123,102,83,12,0,0,0,false,,,
2023-09-22 23:54:39,2023-09-23 23:09:01,UTC-05:00,2023-09-23 14:44:30,2023-09-23 14:53:33,9,Weightlifting,4.2,26.0,127,98,51,13,0,0,0,false,,,
2023-09-21 22:26:39,2023-09-22 23:54:39,UTC-05:00,2023-09-22 17:40:39,2023-09-22 19:18:23,97,Weightlifting,9.3,459.0,149,108,50,35,8,0,0,false,,,
2023-09-20 22:25:19,2023-09-21 22:26:39,UTC-05:00,2023-09-21 17:46:30,2023-09-21 19:02:59,76,Jiu Jitsu,12.3,576.0,173,123,24,39,23,10,1,false,,,
2023-09-19 22:30:55,2023-09-20 22:25:19,UTC-05:00,2023-09-20 17:52:30,2023-09-20 19:20:59,88,Weightlifting,9.9,491.0,158,112,33,42,15,0,0,false,,,
2023-09-17 00:47:14,2023-09-17 23:16:05,UTC-05:00,2023-09-17 11:06:00,2023-09-17 13:05:28,119,Jiu Jitsu,13.5,699.0,175,114,41,20,8,14,1,false,,,
2023-09-17 00:47:14,2023-09-17 23:16:05,UTC-05:00,2023-09-17 10:28:30,2023-09-17 11:05:59,37,Wrestling,7.3,233.0,159,116,29,41,22,2,0,false,,,
2023-09-15 22:10:01,2023-09-17 00:47:14,UTC-05:00,2023-09-16 09:40:30,2023-09-16 09:59:59,19,Activity,7.3,188.0,157,134,4,21,65,10,0,false,,,
2023-09-15 22:10:01,2023-09-17 00:47:14,UTC-05:00,2023-09-16 08:51:00,2023-09-16 09:16:29,25,Activity,8.6,246.0,167,134,2,41,34,23,0,false,,,
2023-09-14 22:32:05,2023-09-15 22:10:01,UTC-05:00,2023-09-15 17:30:00,2023-09-15 18:44:20,74,Martial Arts,16.4,835.0,189,142,12,17,33,12,26,false,,,
2023-09-13 22:38:30,2023-09-14 22:32:05,UTC-05:00,2023-09-14 17:30:00,2023-09-14 18:59:59,89,Jiu Jitsu,11.5,544.0,176,114,33,38,12,6,1,false,,,
2023-09-11 22:50:33,2023-09-12 23:37:43,UTC-05:00,2023-09-12 10:14:39,2023-09-12 11:06:48,52,Weightlifting,9.9,404.0,161,124,16,43,36,5,0,false,,,
2023-09-08 20:58:55,2023-09-10 00:02:49,UTC-07:00,2023-09-09 13:01:27,2023-09-09 14:47:54,106,Weightlifting,10.1,554.0,149,110,33,50,7,0,0,false,,,
2023-09-08 20:58:55,2023-09-10 00:02:49,UTC-07:00,2023-09-09 11:49:30,2023-09-09 12:07:29,17,Activity,7.8,195.0,162,140,0,18,64,18,0,false,,,
2023-09-07 20:07:23,2023-09-08 20:58:55,UTC-07:00,2023-09-08 14:31:30,2023-09-08 16:55:51,144,Jiu Jitsu,12.8,771.0,168,110,36,24,17,4,0,false,,,
2023-09-06 22:21:46,2023-09-07 22:07:23,UTC-05:00,2023-09-07 17:17:34,2023-09-07 18:40:55,83,Weightlifting,11.3,616.0,158,122,14,57,28,1,0,false,,,
2023-09-04 02:21:09,2023-09-04 22:26:35,UTC-07:00,2023-09-04 17:57:00,2023-09-04 18:53:59,56,Boxing,15.5,723.0,188,149,4,9,28,37,22,false,,,
2023-08-30 23:08:59,2023-09-01 00:27:41,UTC-05:00,2023-08-31 11:27:00,2023-08-31 11:43:29,16,Activity,7.1,163.0,159,135,0,46,37,17,0,false,,,
2023-08-29 23:03:07,2023-08-30 23:08:59,UTC-05:00,2023-08-30 17:28:30,2023-08-30 18:51:39,83,Jiu Jitsu,13.4,689.0,171,126,20,37,23,18,0,false,,,
2023-08-28 23:30:16,2023-08-29 23:03:07,UTC-05:00,2023-08-29 17:51:00,2023-08-29 18:54:14,63,Jiu Jitsu,9.8,429.0,153,118,26,44,26,0,0,false,,,
2023-08-27 01:42:02,2023-08-27 22:30:20,UTC-05:00,2023-08-27 10:30:00,2023-08-27 12:02:38,92,Jiu Jitsu,12.1,630.0,167,119,26,36,27,5,0,false,,,
2023-08-25 22:06:19,2023-08-27 01:42:02,UTC-05:00,2023-08-26 16:03:00,2023-08-26 16:20:59,17,Activity,6.2,144.0,152,125,8,59,33,0,0,false,,,
2023-08-25 22:06:19,2023-08-27 01:42:02,UTC-05:00,2023-08-26 14:08:35,2023-08-26 15:47:23,98,Weightlifting,11.4,672.0,152,119,18,67,15,0,0,false,,,
2023-08-24 22:51:34,2023-08-25 22:06:19,UTC-05:00,2023-08-25 17:30:00,2023-08-25 19:00:16,90,Activity,12.7,611.0,174,118,45,32,11,10,1,false,,,
2023-08-23 23:42:01,2023-08-24 22:51:34,UTC-05:00,2023-08-24 18:04:24,2023-08-24 19:07:13,62,Weightlifting,5.9,180.0,133,96,61,9,0,0,0,false,,,
2023-08-22 22:54:19,2023-08-23 23:42:01,UTC-05:00,2023-08-23 17:52:30,2023-08-23 18:14:59,22,Activity,9.3,264.0,158,144,0,0,83,17,0,false,,,
2023-08-22 22:54:19,2023-08-23 23:42:01,UTC-05:00,2023-08-23 16:33:23,2023-08-23 17:38:16,64,Weightlifting,11.3,536.0,159,126,9,49,37,5,0,false,,,
2023-08-21 23:19:39,2023-08-22 22:54:19,UTC-05:00,2023-08-22 17:49:30,2023-08-22 18:44:31,55,Jiu Jitsu,10.6,451.0,162,126,17,40,35,8,0,false,,,
2023-08-20 01:47:42,2023-08-20 22:50:18,UTC-05:00,2023-08-20 10:40:30,2023-08-20 12:31:54,111,Jiu Jitsu,12.9,685.0,173,114,33,24,16,9,0,false,,,
2023-08-18 23:32:50,2023-08-20 01:47:42,UTC-05:00,2023-08-19 17:54:00,2023-08-19 18:17:59,23,Activity,6.0,149.0,148,115,35,54,11,0,0,false,,,
2023-08-18 23:32:50,2023-08-20 01:47:42,UTC-05:00,2023-08-19 14:24:54,2023-08-19 15:15:01,50,Weightlifting,5.9,160.0,147,93,35,11,8,0,0,false,,,
2023-08-17 22:12:58,2023-08-18 23:32:50,UTC-05:00,2023-08-18 17:33:00,2023-08-18 18:49:24,76,Jiu Jitsu,13.5,639.0,178,126,33,21,22,19,3,false,,,
2023-08-16 21:54:52,2023-08-17 22:12:58,UTC-05:00,2023-08-17 09:16:30,2023-08-17 11:22:55,126,Box Fitness,14.7,968.0,182,122,33,26,20,17,0,false,,,
2023-08-15 22:23:40,2023-08-16 21:54:52,UTC-05:00,2023-08-16 17:41:38,2023-08-16 19:20:00,98,Weightlifting,10.7,580.0,151,113,29,50,14,0,0,false,,,
2023-08-14 22:14:41,2023-08-15 22:23:40,UTC-05:00,2023-08-15 20:06:00,2023-08-15 20:29:59,23,Activity,8.0,232.0,163,133,0,37,53,10,0,false,,,
2023-08-14 22:14:41,2023-08-15 22:23:40,UTC-05:00,2023-08-15 17:34:30,2023-08-15 18:52:05,77,Jiu Jitsu,11.9,612.0,162,124,19,37,39,4,0,false,,,
2023-08-13 23:44:59,2023-08-14 22:14:41,UTC-05:00,2023-08-14 17:50:37,2023-08-14 19:22:56,92,Weightlifting,9.2,471.0,145,108,36,52,2,0,0,false,,,
2023-08-12 23:31:44,2023-08-13 23:44:59,UTC-05:00,2023-08-13 10:18:00,2023-08-13 11:56:59,98,Jiu Jitsu,11.5,551.0,177,109,34,26,13,6,0,false,,,
2023-08-12 01:39:52,2023-08-12 23:31:44,UTC-05:00,2023-08-12 20:10:30,2023-08-12 20:38:59,28,Activity,6.2,170.0,141,113,27,55,12,0,0,false,,,
2023-08-12 01:39:52,2023-08-12 23:31:44,UTC-05:00,2023-08-12 15:16:30,2023-08-12 15:32:59,16,Activity,5.5,112.0,137,118,19,69,12,0,0,false,,,
2023-08-11 03:26:03,2023-08-12 01:39:52,UTC-05:00,2023-08-11 11:48:00,2023-08-11 14:17:59,149,Activity,16.9,1443.0,179,133,9,28,48,15,0,false,,,
2023-08-09 22:37:56,2023-08-11 03:26:03,UTC-05:00,2023-08-11 01:31:30,2023-08-11 02:05:59,34,Activity,7.1,234.0,159,118,16,75,6,3,0,false,,,
2023-08-09 22:37:56,2023-08-11 03:26:03,UTC-05:00,2023-08-10 22:42:00,2023-08-11 01:14:59,152,Activity,12.2,864.0,150,112,43,55,2,0,0,false,,,
2023-08-09 22:37:56,2023-08-11 03:26:03,UTC-05:00,2023-08-10 21:55:30,2023-08-10 22:29:59,34,Activity,6.3,198.0,132,113,34,66,0,0,0,false,,,
2023-08-08 22:28:15,2023-08-09 22:37:56,UTC-05:00,2023-08-09 18:14:07,2023-08-09 19:20:00,65,Weightlifting,6.2,210.0,130,96,49,19,0,0,0,false,,,
2023-08-07 23:09:44,2023-08-08 22:28:15,UTC-05:00,2023-08-08 17:25:30,2023-08-08 18:54:20,88,Jiu Jitsu,12.6,604.0,173,118,23,28,20,12,0,false,,,
2023-08-06 22:58:53,2023-08-07 23:09:44,UTC-05:00,2023-08-07 18:42:20,2023-08-07 19:52:01,69,Weightlifting,7.1,284.0,134,103,54,32,0,0,0,false,,,
2023-08-06 00:15:44,2023-08-06 22:58:53,UTC-05:00,2023-08-06 10:31:30,2023-08-06 12:44:46,133,Jiu Jitsu,17.4,1348.0,178,135,10,29,25,33,3,false,,,
2023-08-04 22:34:28,2023-08-06 00:15:44,UTC-05:00,2023-08-05 14:10:00,2023-08-05 15:13:36,63,Weightlifting,10.6,510.0,154,124,11,50,39,0,0,false,,,
2023-08-03 22:26:46,2023-08-04 22:34:28,UTC-05:00,2023-08-04 17:30:00,2023-08-04 18:54:00,84,Jiu Jitsu,14.9,804.0,177,133,18,21,37,12,10,false,,,
2023-08-02 22:23:39,2023-08-03 22:26:46,UTC-05:00,2023-08-03 18:30:30,2023-08-03 19:18:05,47,Kickboxing,12.6,521.0,167,140,4,17,52,27,0,false,,,
2023-08-01 23:16:29,2023-08-02 22:23:39,UTC-05:00,2023-08-02 18:06:59,2023-08-02 19:39:50,92,Weightlifting,7.2,294.0,143,97,58,13,1,0,0,false,,,
2023-07-31 22:24:00,2023-08-01 23:16:29,UTC-05:00,2023-08-01 18:20:48,2023-08-01 19:18:00,57,Weightlifting,9.3,405.0,153,119,20,64,15,1,0,false,,,
2023-07-30 01:44:00,2023-07-30 22:52:59,UTC-05:00,2023-07-30 10:30:00,2023-07-30 12:28:24,118,Jiu Jitsu,14.3,847.0,176,119,34,39,9,13,1,false,,,
2023-07-28 23:30:49,2023-07-30 01:44:00,UTC-05:00,2023-07-29 16:57:00,2023-07-29 18:01:29,64,Activity,13.0,653.0,159,135,1,26,63,10,0,false,,,
2023-07-28 23:30:49,2023-07-30 01:44:00,UTC-05:00,2023-07-29 16:00:00,2023-07-29 16:38:59,38,Activity,10.0,355.0,159,130,15,29,45,11,0,false,,,
2023-07-27 22:49:54,2023-07-28 23:30:49,UTC-05:00,2023-07-28 17:32:00,2023-07-28 18:58:00,86,Jiu Jitsu,14.5,773.0,180,129,23,33,25,10,9,false,,,
2023-07-26 22:12:23,2023-07-27 22:49:54,UTC-05:00,2023-07-27 09:10:30,2023-07-27 10:50:59,100,Box Fitness,13.1,799.0,169,124,18,38,41,2,0,false,,,
2023-07-25 23:21:40,2023-07-26 22:12:23,UTC-05:00,2023-07-26 17:06:36,2023-07-26 18:29:47,83,Weightlifting,9.0,443.0,145,110,57,37,4,0,0,false,,,
2023-07-24 22:29:12,2023-07-25 23:21:40,UTC-05:00,2023-07-25 17:32:31,2023-07-25 18:39:57,67,Weightlifting,7.2,285.0,136,103,49,34,0,0,0,false,,,
2023-07-22 23:43:10,2023-07-23 23:37:25,UTC-05:00,2023-07-23 12:18:00,2023-07-23 13:58:29,100,Kickboxing,15.7,962.0,178,136,5,33,26,23,4,false,,,
2023-07-21 23:39:13,2023-07-22 23:43:10,UTC-05:00,2023-07-22 11:52:46,2023-07-22 13:22:56,90,Weightlifting,8.6,412.0,142,105,57,29,3,0,0,false,,,
2023-07-18 22:31:32,2023-07-19 23:01:23,UTC-05:00,2023-07-19 18:10:05,2023-07-19 19:08:35,58,Weightlifting,7.0,260.0,145,105,63,24,3,0,0,false,,,
2023-07-16 22:28:32,2023-07-17 23:22:55,UTC-05:00,2023-07-17 18:13:09,2023-07-17 19:18:09,65,Weightlifting,8.7,393.0,154,114,26,64,7,0,0,false,,,
2023-07-15 23:48:46,2023-07-16 22:28:32,UTC-05:00,2023-07-16 15:36:42,2023-07-16 17:27:54,111,Weightlifting,8.0,386.0,136,98,54,21,0,0,0,false,,,
2023-07-15 01:15:06,2023-07-15 23:48:46,UTC-05:00,2023-07-15 13:30:01,2023-07-15 14:50:20,80,Weightlifting,9.2,444.0,155,112,38,52,6,0,0,false,,,
2023-07-11 23:34:01,2023-07-12 22:24:22,UTC-05:00,2023-07-12 17:46:52,2023-07-12 19:30:46,103,Weightlifting,9.5,507.0,140,108,55,38,2,0,0,false,,,
2023-07-10 22:28:59,2023-07-11 23:34:01,UTC-05:00,2023-07-11 17:33:00,2023-07-11 18:33:07,60,Kickboxing,14.3,655.0,183,140,4,33,29,21,13,false,,,
2023-07-08 22:53:05,2023-07-09 23:26:34,UTC-05:00,2023-07-09 10:34:30,2023-07-09 12:01:33,87,Activity,12.9,682.0,174,126,21,43,24,11,1,false,,,
2023-07-07 22:31:54,2023-07-08 22:53:05,UTC-05:00,2023-07-08 10:58:30,2023-07-08 11:22:29,23,Yoga,7.3,208.0,157,130,4,36,57,3,0,false,,,
2023-07-06 22:37:59,2023-07-07 22:31:54,UTC-05:00,2023-07-07 18:08:45,2023-07-07 19:03:59,55,Weightlifting,7.4,294.0,137,111,39,56,2,0,0,false,,,
2023-07-05 23:21:14,2023-07-06 22:37:59,UTC-05:00,2023-07-06 17:37:30,2023-07-06 18:56:10,78,Jiu Jitsu,14.7,811.0,181,137,8,27,28,33,4,false,,,
2023-07-04 23:55:29,2023-07-05 23:21:14,UTC-05:00,2023-07-05 18:02:57,2023-07-05 19:20:51,77,Weightlifting,9.3,458.0,147,114,30,58,10,0,0,false,,,
2023-07-02 22:25:59,2023-07-03 22:08:44,UTC-05:00,2023-07-03 18:19:47,2023-07-03 19:15:34,55,Weightlifting,9.1,400.0,148,121,14,62,24,0,0,false,,,
2023-07-01 22:16:13,2023-07-02 22:25:59,UTC-05:00,2023-07-02 10:18:00,2023-07-02 12:15:00,116,Jiu Jitsu,11.2,616.0,166,110,46,35,7,3,0,false,,,
2023-06-29 22:47:50,2023-06-30 22:37:49,UTC-05:00,2023-06-30 17:33:00,2023-06-30 19:51:57,138,Jiu Jitsu,18.9,1618.0,186,142,6,24,26,31,13,false,,,
2023-06-28 22:56:51,2023-06-29 22:47:50,UTC-05:00,2023-06-29 09:05:33,2023-06-29 10:13:44,68,Box Fitness,13.2,613.0,178,128,19,19,32,24,1,false,,,
2023-06-25 23:09:38,2023-06-26 23:17:21,UTC-05:00,2023-06-26 18:23:46,2023-06-26 19:48:59,85,Weightlifting,8.0,366.0,144,104,53,29,2,0,0,false,,,
2023-06-24 23:15:41,2023-06-25 23:09:38,UTC-05:00,2023-06-25 10:25:16,2023-06-25 12:14:27,109,Activity,14.0,963.0,161,129,3,51,43,3,0,false,,,
2023-06-23 22:38:35,2023-06-24 23:15:41,UTC-05:00,2023-06-24 15:14:05,2023-06-24 17:41:14,147,Paintball,16.5,1357.0,178,131,12,38,33,17,0,false,,,
2023-06-23 22:38:35,2023-06-24 23:15:41,UTC-05:00,2023-06-24 11:08:57,2023-06-24 12:04:39,55,Weightlifting,8.3,351.0,153,116,24,65,11,0,0,false,,,
2023-06-22 22:29:28,2023-06-23 22:38:35,UTC-05:00,2023-06-23 17:31:17,2023-06-23 19:02:31,91,Jiu Jitsu,15.5,914.0,187,135,13,29,34,13,11,false,,,
2023-06-21 22:59:14,2023-06-22 22:29:28,UTC-05:00,2023-06-22 08:59:04,2023-06-22 10:14:11,75,Box Fitness,13.2,672.0,170,129,22,19,46,13,0,false,,,
2023-06-19 22:58:15,2023-06-20 22:34:32,UTC-05:00,2023-06-20 17:41:33,2023-06-20 18:41:00,59,Jiu Jitsu,13.8,662.0,171,141,2,26,30,42,0,false,,,
2023-06-18 22:43:47,2023-06-19 22:58:15,UTC-05:00,2023-06-19 18:07:42,2023-06-19 19:33:44,86,Weightlifting,10.1,518.0,154,115,37,46,17,0,0,false,,,
2023-06-17 23:24:32,2023-06-18 22:43:47,UTC-05:00,2023-06-18 10:40:25,2023-06-18 11:55:05,74,Jiu Jitsu,13.3,715.0,171,134,4,36,39,21,0,false,,,
2023-06-16 23:37:56,2023-06-17 23:24:32,UTC-05:00,2023-06-17 12:12:44,2023-06-17 13:21:29,68,Weightlifting,8.3,363.0,149,108,21,46,13,0,0,false,,,
2023-06-15 23:53:30,2023-06-16 23:37:56,UTC-05:00,2023-06-16 17:30:00,2023-06-16 19:00:00,90,Jiu Jitsu,13.7,746.0,186,127,20,41,26,7,6,false,,,
2023-06-14 22:46:10,2023-06-15 23:53:30,UTC-05:00,2023-06-15 18:30:05,2023-06-15 19:43:43,73,Powerlifting,11.3,585.0,160,126,7,59,32,2,0,false,,,
2023-06-14 22:46:10,2023-06-15 23:53:30,UTC-05:00,2023-06-15 18:06:47,2023-06-15 18:29:58,23,Weightlifting,5.2,106.0,136,108,56,41,1,0,0,false,,,
2023-06-12 21:56:44,2023-06-13 22:06:25,UTC-05:00,2023-06-13 18:04:33,2023-06-13 19:31:59,87,Weightlifting,10.3,539.0,147,116,27,51,19,0,0,false,,,
2023-06-11 01:53:17,2023-06-11 22:16:46,UTC-05:00,2023-06-11 11:01:00,2023-06-11 13:30:00,149,Jiu Jitsu,14.7,1125.0,177,124,14,56,24,5,1,false,,,
2023-06-11 01:53:17,2023-06-11 22:16:46,UTC-05:00,2023-06-11 10:35:38,2023-06-11 11:00:38,25,Wrestling,11.3,279.0,182,141,11,9,15,26,30,false,,,
2023-06-10 00:06:07,2023-06-11 01:53:17,UTC-05:00,2023-06-10 15:15:00,2023-06-10 16:45:00,90,Lacrosse,15.8,999.0,168,143,4,6,42,45,0,false,,,
2023-06-10 00:06:07,2023-06-11 01:53:17,UTC-05:00,2023-06-10 12:24:35,2023-06-10 13:43:54,79,Weightlifting,9.6,475.0,152,116,23,59,14,0,0,false,,,
2023-06-07 22:51:54,2023-06-08 23:09:15,UTC-05:00,2023-06-08 09:05:35,2023-06-08 10:37:15,91,Box Fitness,13.0,698.0,174,124,24,34,29,9,0,false,,,
2023-06-06 23:16:43,2023-06-07 22:51:54,UTC-05:00,2023-06-07 17:27:12,2023-06-07 18:52:58,85,Jiu Jitsu,15.2,912.0,178,139,0,30,38,26,6,false,,,
2023-06-05 23:09:54,2023-06-06 23:16:43,UTC-05:00,2023-06-06 18:30:49,2023-06-06 19:41:42,70,Weightlifting,9.7,482.0,154,119,17,65,18,0,0,false,,,
2023-06-04 23:24:24,2023-06-05 23:09:54,UTC-05:00,2023-06-05 18:07:40,2023-06-05 19:42:52,95,Weightlifting,12.2,723.0,158,123,11,62,27,0,0,false,,,
2023-06-04 00:54:40,2023-06-04 23:24:24,UTC-05:00,2023-06-04 10:27:49,2023-06-04 12:01:55,94,Jiu Jitsu,15.6,1009.0,181,140,1,24,41,31,3,false,,,
2023-06-02 23:26:52,2023-06-04 00:54:40,UTC-05:00,2023-06-03 11:30:22,2023-06-03 11:58:05,27,Weightlifting,6.9,210.0,154,124,6,64,29,1,0,false,,,
2023-06-02 23:26:52,2023-06-04 00:54:40,UTC-05:00,2023-06-03 10:39:04,2023-06-03 11:19:02,39,Jiu Jitsu,13.4,498.0,185,149,0,22,16,49,13,false,,,
2023-06-01 22:46:45,2023-06-02 23:26:52,UTC-05:00,2023-06-02 17:31:06,2023-06-02 18:57:43,86,Jiu Jitsu,14.6,846.0,189,135,3,41,32,18,6,false,,,
2023-05-31 22:50:01,2023-06-01 22:46:45,UTC-05:00,2023-06-01 08:48:02,2023-06-01 11:31:04,163,Box Fitness,15.5,1168.0,177,122,25,40,19,11,1,false,,,
2023-05-30 22:43:11,2023-05-31 22:50:01,UTC-05:00,2023-05-31 18:06:42,2023-05-31 19:12:24,65,Weightlifting,6.9,258.0,148,102,31,34,5,0,0,false,,,
2023-05-28 22:42:29,2023-05-29 23:05:39,UTC-05:00,2023-05-29 16:26:24,2023-05-29 17:50:08,83,Weightlifting,9.9,503.0,160,115,29,61,7,2,0,false,,,
2023-05-28 22:42:29,2023-05-29 23:05:39,UTC-05:00,2023-05-29 09:45:25,2023-05-29 12:49:19,183,Operations - Tactical,14.6,1270.0,164,120,23,56,19,2,0,false,,,
2023-05-26 00:01:53,2023-05-27 00:47:35,UTC-05:00,2023-05-26 18:30:14,2023-05-26 19:14:24,44,Kickboxing,14.0,557.0,192,150,0,10,39,32,19,false,,,
2023-05-26 00:01:53,2023-05-27 00:47:35,UTC-05:00,2023-05-26 12:30:23,2023-05-26 13:29:58,59,Kickboxing,16.7,829.0,191,156,0,7,25,31,37,false,,,
2023-05-24 23:07:54,2023-05-26 00:01:53,UTC-05:00,2023-05-25 18:12:05,2023-05-25 19:18:26,66,Weightlifting,6.2,213.0,141,100,46,25,4,0,0,false,,,
2023-05-23 23:06:50,2023-05-24 23:07:54,UTC-05:00,2023-05-24 18:26:34,2023-05-24 19:26:40,60,Weightlifting,8.0,337.0,149,114,39,48,13,0,0,false,,,
2023-05-22 23:19:06,2023-05-23 23:06:50,UTC-05:00,2023-05-23 17:30:39,2023-05-23 19:46:37,135,Jiu Jitsu,18.3,1397.0,190,138,10,35,22,12,20,false,,,
2023-05-21 23:26:44,2023-05-22 23:19:06,UTC-05:00,2023-05-22 18:31:51,2023-05-22 18:47:02,15,Weightlifting,5.2,97.0,149,118,19,58,21,0,0,false,,,
2023-05-20 01:31:37,2023-05-21 04:28:31,UTC-05:00,2023-05-20 11:50:22,2023-05-20 13:08:22,77,Weightlifting,9.1,437.0,152,113,27,52,14,0,0,false,,,
2023-05-18 22:46:30,2023-05-20 01:31:37,UTC-05:00,2023-05-19 19:03:45,2023-05-19 19:47:24,43,Jiu Jitsu,15.2,591.0,191,154,0,23,13,24,40,false,,,
2023-05-18 22:46:30,2023-05-20 01:31:37,UTC-05:00,2023-05-19 17:28:58,2023-05-19 18:45:51,76,Jiu Jitsu,9.9,467.0,155,117,41,36,22,1,0,false,,,
2023-05-17 23:03:14,2023-05-18 22:46:30,UTC-05:00,2023-05-18 17:58:36,2023-05-18 19:08:04,69,Weightlifting,9.3,450.0,149,119,19,58,23,0,0,false,,,
2023-05-16 23:21:46,2023-05-17 23:03:14,UTC-05:00,2023-05-17 17:33:30,2023-05-17 19:03:38,90,Jiu Jitsu,14.4,865.0,178,135,3,41,31,23,2,false,,,
2023-05-15 23:19:19,2023-05-16 23:21:46,UTC-05:00,2023-05-16 17:55:57,2023-05-16 19:19:15,83,Weightlifting,10.5,553.0,154,120,21,58,21,0,0,false,,,
2023-05-09 23:09:46,2023-05-10 22:52:30,UTC-05:00,2023-05-10 18:24:51,2023-05-10 18:59:28,34,Weightlifting,5.8,154.0,149,108,44,38,6,0,0,false,,,
2023-05-08 23:07:41,2023-05-09 23:09:46,UTC-05:00,2023-05-09 17:32:00,2023-05-09 18:50:00,78,Jiu Jitsu,16.5,929.0,191,146,6,15,33,26,20,false,,,
2023-05-05 23:53:35,2023-05-07 02:53:00,UTC-05:00,2023-05-06 11:52:16,2023-05-06 13:27:47,95,Weightlifting,11.0,587.0,153,117,15,42,29,0,0,false,,,
2023-05-04 23:14:19,2023-05-05 23:53:35,UTC-05:00,2023-05-05 17:30:57,2023-05-05 18:50:57,80,Jiu Jitsu,15.1,778.0,190,137,15,29,24,18,14,false,,,
2023-05-03 23:40:42,2023-05-04 23:14:19,UTC-05:00,2023-05-04 18:11:44,2023-05-04 19:11:04,59,Weightlifting,6.9,250.0,144,109,49,40,7,0,0,false,,,
2023-05-03 01:09:33,2023-05-03 23:40:42,UTC-05:00,2023-05-03 17:22:14,2023-05-03 18:06:51,44,Weightlifting,8.9,347.0,158,127,7,48,43,2,0,false,,,
2023-05-01 23:07:21,2023-05-03 01:09:33,UTC-05:00,2023-05-02 17:41:37,2023-05-02 18:56:35,74,Jiu Jitsu,11.3,514.0,164,121,33,23,29,10,0,false,,,
2023-04-30 22:13:58,2023-05-01 23:07:21,UTC-05:00,2023-05-01 18:37:57,2023-05-01 19:22:29,44,Weightlifting,7.7,294.0,153,123,7,64,29,0,0,false,,,
2023-04-29 00:15:56,2023-04-30 00:31:21,UTC-05:00,2023-04-29 10:14:09,2023-04-29 11:50:23,96,Weightlifting,7.6,345.0,140,104,49,36,2,0,0,false,,,
2023-04-27 22:53:50,2023-04-29 00:15:56,UTC-05:00,2023-04-28 19:10:00,2023-04-28 20:30:00,80,Jiu Jitsu,8.6,350.0,166,110,55,26,12,3,0,false,,,
2023-04-27 22:53:50,2023-04-29 00:15:56,UTC-05:00,2023-04-28 17:32:04,2023-04-28 18:47:48,75,Jiu Jitsu,12.7,655.0,174,131,11,31,40,18,0,false,,,
2023-04-26 23:01:29,2023-04-27 22:53:50,UTC-05:00,2023-04-27 17:52:12,2023-04-27 19:10:00,77,Weightlifting,8.4,397.0,159,114,35,60,5,0,0,false,,,
2023-04-25 22:23:29,2023-04-26 23:01:29,UTC-05:00,2023-04-26 17:56:30,2023-04-26 19:05:45,69,Weightlifting,7.1,278.0,151,107,58,32,3,0,0,false,,,
2023-04-24 23:20:56,2023-04-25 22:23:29,UTC-05:00,2023-04-25 17:44:22,2023-04-25 18:50:12,65,Jiu Jitsu,13.8,649.0,185,136,4,39,34,11,12,false,,,
2023-04-23 22:43:22,2023-04-24 23:20:56,UTC-05:00,2023-04-24 18:05:06,2023-04-24 18:52:10,47,Activity,5.5,128.0,146,114,18,29,4,0,0,false,,,
2023-04-21 23:08:17,2023-04-22 23:19:22,UTC-05:00,2023-04-22 12:01:28,2023-04-22 13:25:02,83,Weightlifting,8.9,441.0,159,116,26,69,5,0,0,false,,,
2023-04-20 23:09:23,2023-04-21 23:08:17,UTC-05:00,2023-04-21 17:32:05,2023-04-21 18:50:07,78,Jiu Jitsu,15.9,866.0,188,144,5,21,35,24,15,false,,,
2023-04-19 23:02:06,2023-04-20 23:09:23,UTC-05:00,2023-04-20 18:00:39,2023-04-20 18:46:32,45,Weightlifting,6.4,209.0,149,112,37,55,7,0,0,false,,,
2023-04-18 22:45:52,2023-04-19 23:02:06,UTC-05:00,2023-04-19 17:46:06,2023-04-19 19:02:54,76,Weightlifting,8.5,405.0,148,114,33,60,7,0,0,false,,,
2023-04-17 23:15:40,2023-04-18 22:45:52,UTC-05:00,2023-04-18 17:30:05,2023-04-18 18:52:05,82,Jiu Jitsu,13.3,659.0,188,126,22,30,33,6,7,false,,,
2023-04-16 23:36:54,2023-04-17 23:15:40,UTC-05:00,2023-04-17 18:20:00,2023-04-17 19:28:41,68,Weightlifting,8.4,381.0,150,114,38,54,7,0,0,false,,,
2023-04-16 01:18:12,2023-04-16 23:36:54,UTC-05:00,2023-04-16 12:52:39,2023-04-16 13:54:05,61,Yard Work/Gardening,7.6,319.0,135,114,41,59,0,0,0,false,,,
2023-04-14 22:13:00,2023-04-16 01:18:12,UTC-05:00,2023-04-15 11:34:59,2023-04-15 12:04:07,29,Weightlifting,7.0,222.0,151,126,4,56,40,0,0,false,,,
2023-04-13 23:34:22,2023-04-14 22:13:00,UTC-05:00,2023-04-14 17:33:55,2023-04-14 18:50:51,76,Jiu Jitsu,15.5,848.0,193,142,1,27,29,32,11,false,,,
2023-04-12 23:06:03,2023-04-13 23:34:22,UTC-05:00,2023-04-13 18:41:43,2023-04-13 19:27:59,46,Weightlifting,7.1,223.0,156,111,51,31,14,3,0,false,,,
2023-04-11 22:50:09,2023-04-12 23:06:03,UTC-05:00,2023-04-12 20:49:11,2023-04-12 21:16:51,27,Activity,5.1,98.0,137,112,21,46,5,0,0,false,,,
2023-04-11 22:50:09,2023-04-12 23:06:03,UTC-05:00,2023-04-12 18:26:11,2023-04-12 19:29:06,62,Weightlifting,7.7,321.0,138,113,26,72,2,0,0,false,,,
2023-04-11 22:50:09,2023-04-12 23:06:03,UTC-05:00,2023-04-12 08:20:41,2023-04-12 08:38:00,17,Activity,5.1,85.0,143,114,25,57,11,0,0,false,,,
2023-04-10 22:53:42,2023-04-11 22:50:09,UTC-05:00,2023-04-11 17:30:33,2023-04-11 18:50:43,80,Jiu Jitsu,12.9,621.0,178,124,6,33,29,16,3,false,,,
2023-04-09 23:36:39,2023-04-10 22:53:42,UTC-05:00,2023-04-10 17:30:24,2023-04-10 18:59:56,89,Jiu Jitsu,16.1,801.0,187,129,7,17,16,14,26,false,,,
2023-04-05 23:32:11,2023-04-06 23:38:59,UTC-05:00,2023-04-06 18:10:36,2023-04-06 18:57:05,46,Weightlifting,5.6,155.0,140,103,45,36,3,0,0,false,,,
2023-04-03 23:17:28,2023-04-04 22:57:32,UTC-05:00,2023-04-04 18:23:24,2023-04-04 19:21:20,57,Weightlifting,9.3,389.0,162,121,15,51,28,6,0,false,,,
2023-04-02 22:40:25,2023-04-03 23:17:28,UTC-05:00,2023-04-03 18:21:55,2023-04-03 19:24:40,62,Weightlifting,7.2,287.0,142,112,28,65,6,0,0,false,,,
2023-03-31 22:58:03,2023-04-02 00:37:07,UTC-05:00,2023-04-01 18:11:35,2023-04-01 19:41:12,89,Weightlifting,9.4,480.0,146,112,14,63,13,0,0,false,,,
2023-03-30 23:12:24,2023-03-31 22:58:03,UTC-05:00,2023-03-31 08:10:22,2023-03-31 08:47:05,36,Activity,5.4,122.0,142,106,42,24,11,0,0,false,,,
2023-03-29 22:43:26,2023-03-30 23:12:24,UTC-05:00,2023-03-30 17:45:25,2023-03-30 18:34:59,49,Weightlifting,7.3,257.0,153,112,28,47,19,0,0,false,,,
2023-03-29 22:43:26,2023-03-30 23:12:24,UTC-05:00,2023-03-30 13:02:44,2023-03-30 13:34:14,31,Yoga,4.4,60.0,145,87,39,4,2,0,0,false,,,
2023-03-29 22:43:26,2023-03-30 23:12:24,UTC-05:00,2023-03-30 08:09:55,2023-03-30 08:31:04,21,Activity,6.1,143.0,146,124,6,54,30,0,0,false,,,
2023-03-28 23:03:00,2023-03-29 22:43:26,UTC-05:00,2023-03-29 17:28:39,2023-03-29 18:30:27,61,Weightlifting,9.0,393.0,155,117,17,67,14,2,0,false,,,
2023-03-28 23:03:00,2023-03-29 22:43:26,UTC-05:00,2023-03-29 13:05:00,2023-03-29 13:30:00,25,Yoga,4.1,36.0,108,80,26,0,0,0,0,false,,,
2023-03-27 23:53:23,2023-03-28 23:03:00,UTC-05:00,2023-03-28 18:49:13,2023-03-28 19:28:49,39,Weightlifting,6.4,206.0,139,114,18,78,3,0,0,false,,,
2023-03-25 22:49:42,2023-03-26 23:12:55,UTC-05:00,2023-03-26 12:12:19,2023-03-26 13:40:57,88,Activity,9.5,464.0,159,115,21,64,6,1,0,false,,,
2023-03-24 22:48:09,2023-03-25 22:49:42,UTC-05:00,2023-03-25 17:40:05,2023-03-25 18:25:06,45,Weightlifting,7.6,272.0,148,115,23,55,19,0,0,false,,,
2023-03-24 01:26:15,2023-03-24 22:48:09,UTC-05:00,2023-03-24 18:05:16,2023-03-24 18:46:59,41,Weightlifting,6.1,176.0,145,106,48,43,4,0,0,false,,,
2023-03-21 22:20:02,2023-03-22 23:13:57,UTC-05:00,2023-03-22 19:41:27,2023-03-22 20:18:14,36,Activity,4.6,68.0,147,99,24,15,2,0,0,false,,,
2023-03-21 22:20:02,2023-03-22 23:13:57,UTC-05:00,2023-03-22 18:28:28,2023-03-22 19:28:20,59,Weightlifting,7.7,292.0,151,110,37,45,12,0,0,false,,,
2023-03-20 22:12:49,2023-03-21 22:20:02,UTC-05:00,2023-03-21 18:43:08,2023-03-21 19:45:58,62,Weightlifting,9.8,460.0,151,121,5,73,22,0,0,false,,,
2023-03-17 22:30:50,2023-03-18 22:51:11,UTC-05:00,2023-03-18 18:09:46,2023-03-18 19:05:22,55,Weightlifting,8.3,340.0,151,115,18,62,17,0,0,false,,,
2023-03-16 22:44:44,2023-03-17 22:30:50,UTC-05:00,2023-03-17 18:11:57,2023-03-17 18:53:32,41,Weightlifting,7.4,247.0,152,114,24,54,16,3,0,false,,,
2023-03-15 23:44:47,2023-03-16 22:44:44,UTC-05:00,2023-03-16 13:03:51,2023-03-16 13:21:05,17,Yoga,4.1,30.0,125,76,4,8,0,0,0,false,,,
2023-03-13 23:20:35,2023-03-14 22:38:24,UTC-05:00,2023-03-14 18:19:36,2023-03-14 19:05:24,45,Weightlifting,8.1,289.0,152,116,28,46,22,1,0,false,,,
2023-03-12 22:31:26,2023-03-13 23:20:35,UTC-05:00,2023-03-13 18:13:46,2023-03-13 19:36:29,82,Weightlifting,10.4,533.0,150,116,18,62,18,0,0,false,,,
2023-03-08 22:48:06,2023-03-09 23:22:18,UTC-06:00,2023-03-09 18:12:35,2023-03-09 19:16:52,64,Weightlifting,9.4,418.0,152,118,18,62,19,1,0,false,,,
2023-03-08 22:48:06,2023-03-09 23:22:18,UTC-06:00,2023-03-09 12:56:37,2023-03-09 13:09:17,12,Yoga,4.7,44.0,158,93,19,3,8,9,0,false,,,
2023-03-06 23:38:28,2023-03-07 23:43:50,UTC-06:00,2023-03-07 18:00:34,2023-03-07 18:53:47,53,Weightlifting,9.0,349.0,158,118,26,49,20,5,0,false,,,
2023-03-05 22:53:40,2023-03-06 23:38:28,UTC-06:00,2023-03-06 18:26:45,2023-03-06 19:33:51,67,Weightlifting,11.2,540.0,154,126,3,51,42,4,0,false,,,
2023-03-02 23:17:28,2023-03-03 23:43:30,UTC-06:00,2023-03-03 19:08:20,2023-03-03 19:34:46,26,Weightlifting,5.7,141.0,133,112,36,61,3,0,0,false,,,
2023-02-28 23:58:38,2023-03-01 22:51:56,UTC-06:00,2023-03-01 13:18:14,2023-03-01 13:39:33,21,Yoga,5.5,108.0,155,109,21,38,19,0,0,false,,,
2023-02-27 23:38:53,2023-02-28 23:58:38,UTC-06:00,2023-02-28 18:51:48,2023-02-28 19:31:13,39,Weightlifting,5.8,158.0,137,105,51,37,3,0,0,false,,,
2023-02-27 00:20:11,2023-02-27 23:38:53,UTC-06:00,2023-02-27 19:06:58,2023-02-27 20:43:19,96,Weightlifting,11.3,615.0,155,117,19,60,16,2,0,false,,,
2023-02-27 00:20:11,2023-02-27 23:38:53,UTC-06:00,2023-02-27 13:36:23,2023-02-27 13:54:49,18,Yoga,4.4,46.0,127,90,48,13,0,0,0,false,,,
2023-02-23 23:45:16,2023-02-25 00:54:59,UTC-06:00,2023-02-24 18:34:47,2023-02-24 19:09:52,35,Weightlifting,10.4,354.0,158,136,4,17,50,29,0,false,,,
2023-02-21 23:49:22,2023-02-22 22:53:19,UTC-06:00,2023-02-22 18:47:26,2023-02-22 19:42:49,55,Weightlifting,7.2,268.0,138,111,34,59,6,0,0,false,,,
2023-02-20 00:49:14,2023-02-20 23:46:48,UTC-06:00,2023-02-20 18:19:29,2023-02-20 19:33:48,74,Weightlifting,10.8,534.0,152,122,13,54,33,0,0,false,,,
2023-02-16 23:25:39,2023-02-17 23:48:22,UTC-06:00,2023-02-17 19:10:43,2023-02-17 20:09:56,59,Weightlifting,8.0,329.0,141,114,23,62,13,0,0,false,,,
2023-02-15 22:33:43,2023-02-16 23:25:39,UTC-06:00,2023-02-16 18:37:24,2023-02-16 19:29:51,52,Weightlifting,7.6,283.0,150,113,32,53,15,0,0,false,,,
2023-02-13 23:53:54,2023-02-14 23:23:11,UTC-06:00,2023-02-14 18:30:42,2023-02-14 19:14:58,44,Weightlifting,7.2,260.0,144,117,17,67,16,0,0,false,,,
2023-02-12 23:45:37,2023-02-13 23:53:54,UTC-06:00,2023-02-13 18:35:16,2023-02-13 19:37:56,62,Weightlifting,9.6,432.0,153,121,13,59,28,0,0,false,,,
2023-02-09 22:52:31,2023-02-10 23:18:35,UTC-06:00,2023-02-10 18:57:52,2023-02-10 19:44:18,46,Weightlifting,7.4,265.0,149,114,24,55,18,0,0,false,,,
2023-02-08 22:45:17,2023-02-09 22:52:31,UTC-06:00,2023-02-09 18:28:31,2023-02-09 19:12:54,44,Weightlifting,7.9,291.0,147,118,19,57,24,0,0,false,,,
2023-02-06 22:53:22,2023-02-07 23:02:03,UTC-06:00,2023-02-07 17:52:21,2023-02-07 18:17:07,24,Weightlifting,6.7,190.0,149,125,2,58,40,0,0,false,,,
2023-02-05 23:32:15,2023-02-06 22:53:22,UTC-06:00,2023-02-06 17:57:03,2023-02-06 18:59:52,62,Powerlifting,10.8,498.0,158,127,5,44,49,2,0,false,,,
2023-02-01 23:53:40,2023-02-02 23:03:45,UTC-06:00,2023-02-02 18:29:47,2023-02-02 19:39:39,69,Activity,11.2,515.0,159,123,14,46,33,6,0,false,,,
2023-01-26 23:17:49,2023-01-27 23:30:50,UTC-06:00,2023-01-27 19:08:27,2023-01-27 19:55:27,46,Powerlifting,9.7,380.0,151,126,11,27,61,0,0,false,,,
2023-01-17 22:27:47,2023-01-18 22:57:37,UTC-06:00,2023-01-18 18:05:23,2023-01-18 19:05:23,60,Powerlifting,8.5,343.0,149,112,25,44,21,0,0,false,,,
2023-01-16 23:16:11,2023-01-17 22:27:47,UTC-06:00,2023-01-17 13:50:39,2023-01-17 14:07:23,16,Yoga,4.1,30.0,125,86,29,5,0,0,0,false,,,
2023-01-15 23:54:33,2023-01-16 23:16:11,UTC-06:00,2023-01-16 12:34:44,2023-01-16 12:43:27,8,Yoga,3.5,12.0,102,87,29,0,0,0,0,false,,,
2023-01-02 23:54:44,2023-01-03 22:12:52,UTC-06:00,2023-01-03 13:27:00,2023-01-03 14:00:00,33,Yoga,4.5,66.0,168,88,31,10,0,2,0,false,,,
2023-01-01 23:30:09,2023-01-02 23:54:44,UTC-06:00,2023-01-02 18:09:28,2023-01-02 18:59:41,50,Powerlifting,6.6,212.0,145,109,37,40,14,0,0,false,,,
2023-01-01 23:30:09,2023-01-02 23:54:44,UTC-06:00,2023-01-02 13:18:00,2023-01-02 13:37:00,19,Yoga,4.1,30.0,117,84,33,4,0,0,0,false,,,
2022-12-30 00:06:33,2022-12-31 01:00:54,UTC-06:00,2022-12-30 18:02:07,2022-12-30 18:20:12,18,Powerlifting,4.9,80.0,150,110,32,52,12,0,0,false,,,
2022-12-27 00:05:03,2022-12-28 00:35:53,UTC-07:00,2022-12-27 12:54:20,2022-12-27 14:43:46,109,Powerlifting,12.3,720.0,160,120,19,45,33,3,0,false,,,
2022-12-23 22:24:39,2022-12-24 23:08:58,UTC-06:00,2022-12-24 12:33:00,2022-12-24 13:52:00,79,Powerlifting,8.8,392.0,155,108,25,43,15,1,0,false,,,
2022-12-21 23:22:37,2022-12-22 23:54:22,UTC-06:00,2022-12-22 17:22:05,2022-12-22 18:39:57,77,Powerlifting,7.8,329.0,154,107,37,44,10,0,0,false,,,
2022-12-21 23:22:37,2022-12-22 23:54:22,UTC-06:00,2022-12-22 13:21:00,2022-12-22 13:35:00,14,Yoga,0.0,17.0,100,73,7,0,0,0,0,false,,,
2022-12-19 23:40:37,2022-12-21 00:12:55,UTC-06:00,2022-12-20 18:19:39,2022-12-20 19:56:55,97,Powerlifting,11.9,666.0,161,123,10,47,38,4,0,false,,,
2022-12-18 23:17:49,2022-12-19 23:40:37,UTC-06:00,2022-12-19 18:00:36,2022-12-19 19:10:18,69,Powerlifting,8.5,358.0,154,114,28,43,24,1,0,false,,,
2022-12-18 23:17:49,2022-12-19 23:40:37,UTC-06:00,2022-12-19 13:12:26,2022-12-19 13:37:36,25,Yoga,4.2,41.0,123,84,37,7,0,0,0,false,,,
2022-12-15 22:43:23,2022-12-16 23:18:34,UTC-06:00,2022-12-16 17:43:38,2022-12-16 18:51:37,67,Powerlifting,7.7,307.0,161,110,39,44,14,2,0,false,,,
2022-12-15 22:43:23,2022-12-16 23:18:34,UTC-06:00,2022-12-16 13:13:00,2022-12-16 13:27:00,14,Yoga,3.3,19.0,113,76,17,0,0,0,0,false,,,
2022-12-14 22:36:30,2022-12-15 22:43:23,UTC-06:00,2022-12-15 17:37:52,2022-12-15 19:08:35,90,Powerlifting,10.4,507.0,163,111,15,36,28,2,0,false,,,
2022-12-13 22:26:22,2022-12-14 22:36:30,UTC-06:00,2022-12-14 13:09:00,2022-12-14 13:29:00,20,Yoga,4.0,28.0,124,84,40,2,0,0,0,false,,,
2022-12-12 23:11:30,2022-12-13 22:26:22,UTC-06:00,2022-12-13 18:02:27,2022-12-13 19:13:39,71,Powerlifting,10.6,517.0,160,123,9,47,43,1,0,false,,,
2022-12-12 23:11:30,2022-12-13 22:26:22,UTC-06:00,2022-12-13 13:38:37,2022-12-13 13:56:37,18,Yoga,4.0,24.0,108,78,24,0,0,0,0,false,,,
2022-12-11 23:32:29,2022-12-12 23:11:30,UTC-06:00,2022-12-12 17:58:44,2022-12-12 18:56:32,57,Powerlifting,9.7,419.0,152,122,12,50,38,0,0,false,,,
2022-12-11 23:32:29,2022-12-12 23:11:30,UTC-06:00,2022-12-12 13:30:00,2022-12-12 13:40:00,10,Yoga,3.5,13.0,107,83,28,0,0,0,0,false,,,
2022-12-09 23:43:52,2022-12-10 22:43:51,UTC-06:00,2022-12-10 17:40:52,2022-12-10 18:37:51,56,Powerlifting,11.1,472.0,171,128,7,32,49,12,0,false,,,
2022-12-08 23:15:25,2022-12-09 23:43:52,UTC-06:00,2022-12-09 17:53:48,2022-12-09 19:28:22,94,Powerlifting,7.9,342.0,145,104,57,32,5,0,0,false,,,
2022-12-07 23:08:10,2022-12-08 23:15:25,UTC-06:00,2022-12-08 17:48:34,2022-12-08 19:42:41,114,Powerlifting,10.2,569.0,153,111,34,55,10,0,0,false,,,
2022-12-02 00:29:53,2022-12-02 23:37:32,UTC-06:00,2022-12-02 17:47:38,2022-12-02 19:01:50,74,Powerlifting,6.5,224.0,147,98,59,21,2,0,0,false,,,
2022-11-30 23:42:16,2022-12-02 00:29:53,UTC-06:00,2022-12-01 18:01:33,2022-12-01 19:34:54,93,Weightlifting,10.1,511.0,159,114,32,45,21,1,0,false,,,
2022-11-28 22:43:59,2022-11-29 23:53:43,UTC-06:00,2022-11-29 17:55:10,2022-11-29 20:08:19,133,Powerlifting,9.1,473.0,138,102,67,25,0,0,0,false,,,
2022-11-27 23:48:22,2022-11-28 22:43:59,UTC-06:00,2022-11-28 17:54:10,2022-11-28 19:28:26,94,Powerlifting,8.4,380.0,145,103,60,26,4,0,0,false,,,
2022-11-26 00:00:15,2022-11-27 00:07:04,UTC-06:00,2022-11-26 16:49:08,2022-11-26 18:46:58,117,Powerlifting,11.3,615.0,158,113,32,43,15,3,0,false,,,
2022-11-24 23:42:54,2022-11-26 00:00:15,UTC-06:00,2022-11-25 17:24:34,2022-11-25 19:49:27,144,Powerlifting,13.5,891.0,178,116,27,53,12,6,0,false,,,
2022-11-21 22:46:33,2022-11-22 23:28:53,UTC-06:00,2022-11-22 18:04:37,2022-11-22 19:30:24,85,Powerlifting,10.0,504.0,152,116,24,64,12,0,0,false,,,
2022-11-20 23:35:03,2022-11-21 22:46:33,UTC-06:00,2022-11-21 18:06:39,2022-11-21 19:24:21,77,Powerlifting,10.2,497.0,154,117,21,62,16,1,0,false,,,
2022-11-17 23:15:42,2022-11-18 22:53:37,UTC-06:00,2022-11-18 17:25:17,2022-11-18 18:48:08,82,Powerlifting,10.5,502.0,157,116,25,45,23,3,0,false,,,
2022-11-16 22:28:30,2022-11-17 23:15:42,UTC-06:00,2022-11-17 17:54:24,2022-11-17 19:51:36,117,Powerlifting,8.3,382.0,160,100,61,19,2,0,0,false,,,
2022-11-15 22:57:10,2022-11-16 22:28:30,UTC-06:00,2022-11-16 17:33:29,2022-11-16 19:00:20,86,Powerlifting,8.4,385.0,149,108,54,41,3,0,0,false,,,
2022-11-14 00:01:29,2022-11-14 22:27:49,UTC-06:00,2022-11-14 17:50:04,2022-11-14 19:30:38,100,Powerlifting,10.5,567.0,152,112,38,52,9,0,0,false,,,
2022-11-13 00:09:09,2022-11-14 00:01:29,UTC-06:00,2022-11-13 10:00:23,2022-11-13 11:40:23,100,Yard Work/Gardening,7.8,355.0,151,99,54,22,1,0,0,false,,,
2022-11-10 23:32:28,2022-11-11 22:21:22,UTC-06:00,2022-11-11 17:14:04,2022-11-11 18:55:14,101,Powerlifting,7.9,356.0,139,103,56,30,3,0,0,false,,,
2022-11-09 22:41:29,2022-11-10 23:32:28,UTC-06:00,2022-11-10 17:33:02,2022-11-10 18:56:02,83,Powerlifting,8.6,376.0,158,109,41,48,5,2,0,false,,,
2022-11-07 23:15:23,2022-11-08 23:32:18,UTC-05:00,2022-11-08 18:43:27,2022-11-08 20:06:58,83,Powerlifting,9.1,434.0,147,110,41,50,8,0,0,false,,,
2022-11-06 23:57:09,2022-11-07 23:15:23,UTC-05:00,2022-11-07 18:48:42,2022-11-07 20:15:12,86,Powerlifting,9.2,453.0,146,112,39,53,8,0,0,false,,,
2022-11-02 22:02:05,2022-11-03 22:54:01,UTC-05:00,2022-11-03 17:25:20,2022-11-03 18:39:11,73,Box Fitness,8.9,398.0,153,112,32,49,15,0,0,false,,,
2022-11-01 23:08:20,2022-11-02 22:02:05,UTC-05:00,2022-11-02 17:24:50,2022-11-02 18:32:16,67,Box Fitness,12.2,507.0,179,123,30,22,25,17,2,false,,,
2022-10-31 22:38:59,2022-11-01 23:08:20,UTC-05:00,2022-11-01 17:20:53,2022-11-01 18:44:53,84,Box Fitness,10.5,485.0,159,113,36,40,14,4,0,false,,,
2022-10-30 23:00:33,2022-10-31 22:38:59,UTC-05:00,2022-10-31 17:33:02,2022-10-31 18:54:15,81,Box Fitness,12.3,571.0,180,119,28,32,27,7,2,false,,,
2022-10-28 22:42:12,2022-10-30 01:46:48,UTC-05:00,2022-10-29 10:35:00,2022-10-29 11:10:00,35,Powerlifting,5.4,129.0,124,103,68,26,0,0,0,false,,,
2022-10-28 22:42:12,2022-10-30 01:46:48,UTC-05:00,2022-10-29 08:51:34,2022-10-29 10:20:36,89,Box Fitness,13.9,724.0,168,125,21,30,18,27,0,false,,,
2022-10-27 22:22:56,2022-10-28 22:42:12,UTC-05:00,2022-10-28 17:22:31,2022-10-28 18:40:48,78,Box Fitness,12.6,567.0,169,119,31,23,19,19,0,false,,,
2022-10-26 22:46:52,2022-10-27 22:22:56,UTC-05:00,2022-10-27 17:29:35,2022-10-27 18:33:57,64,Box Fitness,11.3,480.0,166,120,25,36,21,14,0,false,,,
2022-10-24 22:32:51,2022-10-25 21:56:21,UTC-05:00,2022-10-25 17:26:53,2022-10-25 18:44:32,77,Box Fitness,15.8,797.0,190,134,12,30,12,26,17,false,,,
2022-10-23 23:10:17,2022-10-24 22:32:51,UTC-05:00,2022-10-24 17:32:07,2022-10-24 18:41:50,69,Box Fitness,14.3,705.0,180,134,12,20,35,27,6,false,,,
2022-10-20 22:42:15,2022-10-21 22:25:29,UTC-05:00,2022-10-21 17:28:17,2022-10-21 18:44:23,76,Box Fitness,12.2,538.0,163,120,27,23,22,19,0,false,,,
2022-10-19 22:13:26,2022-10-20 22:42:15,UTC-05:00,2022-10-20 17:19:40,2022-10-20 18:23:25,63,Box Fitness,12.1,538.0,161,127,15,22,48,13,0,false,,,
2022-10-16 23:07:33,2022-10-17 22:16:39,UTC-05:00,2022-10-17 18:29:34,2022-10-17 18:43:58,14,Weightlifting,5.5,105.0,139,120,13,64,23,0,0,false,,,
2022-10-16 23:07:33,2022-10-17 22:16:39,UTC-05:00,2022-10-17 17:35:00,2022-10-17 18:28:00,53,Box Fitness,11.9,467.0,172,128,12,42,22,23,1,false,,,
2022-10-15 22:28:34,2022-10-16 23:07:33,UTC-05:00,2022-10-16 09:25:48,2022-10-16 11:20:03,114,Manual Labor,10.0,564.0,135,109,53,46,0,0,0,false,,,
2022-10-14 21:24:08,2022-10-15 22:28:34,UTC-05:00,2022-10-15 08:56:58,2022-10-15 10:02:04,65,Box Fitness,13.4,613.0,188,132,10,39,20,27,4,false,,,
2022-10-13 22:35:41,2022-10-14 21:24:08,UTC-05:00,2022-10-14 17:23:50,2022-10-14 18:25:48,61,Box Fitness,12.1,496.0,163,125,20,32,17,27,0,false,,,
2022-10-12 22:08:14,2022-10-13 22:35:41,UTC-05:00,2022-10-13 18:27:42,2022-10-13 19:15:25,47,Weightlifting,8.0,301.0,145,118,15,57,25,0,0,false,,,
2022-10-12 22:08:14,2022-10-13 22:35:41,UTC-05:00,2022-10-13 17:26:11,2022-10-13 18:26:06,59,Box Fitness,10.4,436.0,158,122,21,30,42,5,0,false,,,
2022-10-11 22:58:07,2022-10-12 22:08:14,UTC-05:00,2022-10-12 17:22:14,2022-10-12 18:22:48,60,Box Fitness,11.1,444.0,170,121,22,39,19,18,0,false,,,
2022-10-09 22:35:17,2022-10-10 22:59:30,UTC-05:00,2022-10-10 17:19:00,2022-10-10 18:28:32,69,Box Fitness,14.4,718.0,178,135,3,30,36,25,6,false,,,
2022-10-07 22:53:27,2022-10-08 22:02:05,UTC-05:00,2022-10-08 08:58:51,2022-10-08 10:05:23,66,Box Fitness,12.8,590.0,173,129,13,30,41,14,2,false,,,
2022-10-06 22:47:38,2022-10-07 22:53:27,UTC-05:00,2022-10-07 17:31:53,2022-10-07 18:34:18,62,Box Fitness,13.7,636.0,175,136,6,23,31,38,2,false,,,
2022-10-04 22:43:37,2022-10-06 01:40:06,UTC-05:00,2022-10-05 16:29:00,2022-10-05 17:52:21,83,Box Fitness,16.6,964.0,182,142,5,19,33,30,13,false,,,
2022-10-03 23:10:30,2022-10-04 22:43:37,UTC-05:00,2022-10-04 17:21:23,2022-10-04 18:37:50,76,Box Fitness,15.7,842.0,183,139,8,17,28,38,9,false,,,
2022-09-29 22:11:08,2022-09-30 22:25:06,UTC-05:00,2022-09-30 10:23:22,2022-09-30 10:46:26,23,Manual Labor,5.7,137.0,138,113,26,72,2,0,0,false,,,
2022-09-27 22:40:49,2022-09-28 22:22:37,UTC-05:00,2022-09-28 17:31:40,2022-09-28 18:41:45,70,Box Fitness,13.7,627.0,184,129,18,37,18,19,8,false,,,
2022-09-22 23:23:45,2022-09-23 22:57:51,UTC-05:00,2022-09-23 17:19:55,2022-09-23 18:14:16,54,Weightlifting,12.0,487.0,171,129,12,35,31,22,0,false,,,
2022-09-21 22:01:31,2022-09-22 23:23:45,UTC-05:00,2022-09-22 17:29:19,2022-09-22 18:36:10,66,Box Fitness,14.0,659.0,179,135,7,27,38,19,9,false,,,
2022-09-18 22:20:02,2022-09-19 22:41:43,UTC-05:00,2022-09-19 17:25:36,2022-09-19 18:43:21,77,Box Fitness,15.7,884.0,175,144,0,15,33,49,3,false,,,
2022-09-16 21:53:01,2022-09-17 22:36:20,UTC-05:00,2022-09-17 10:40:25,2022-09-17 11:17:11,36,Powerlifting,7.4,247.0,153,122,8,70,20,2,0,false,,,
2022-09-16 21:53:01,2022-09-17 22:36:20,UTC-05:00,2022-09-17 09:27:55,2022-09-17 10:29:45,61,Box Fitness,13.5,556.0,179,133,8,44,19,19,10,false,,,
2022-09-15 22:58:46,2022-09-16 21:53:01,UTC-05:00,2022-09-16 16:33:25,2022-09-16 17:40:16,66,Box Fitness,15.9,779.0,180,147,2,14,24,35,25,false,,,
2022-09-14 00:00:00,2022-09-14 21:52:24,UTC-05:00,2022-09-14 17:22:28,2022-09-14 18:48:51,86,Box Fitness,13.5,723.0,174,130,8,41,30,19,2,false,,,
